Loan Identifier,Monthly Reporting Period,Channel,Original Interest Rate,Current Interest Rate,Original UPB,Current Actual UPB,Original Loan Term,Origination Date,First Payment Date,Remaining Months To Maturity,Original Loan to Value Ratio (LTV),Debt-To-Income (DTI),Borrower Credit Score at Origination,First Time Home Buyer Indicator,Loan Purpose,Property Type,Number of Units,Occupancy Status,Metropolitan Statistical Area (MSA),Zip Code Short,Interest Only Loan Indicator,Current Loan Delinquency Status,Modification Flag,Zero Balance Code,Special Eligibility Program,Property Valuation Method,High Balance Loan Indicator,Unemployment_rate,Divorce_rate,Inflation_rate,EMI,UPB_diff,Interest_Component,PREPAYMENT_AMT,Previous_UPB,Remaining MFM,Time to Die
365419978803,122000,2,8.25,8.25,62000.0,62000.0,120,112000,12001,120.0,78,33.0,635.0,0,2,4,1,1,40380,145,0,0,0,0,0,4,0,4.0,4.0,3.4,760.4462755484803,0.0,426.25,0.0,62000.0,119,120.0
365419978803,12001,2,8.25,8.25,62000.0,62000.0,120,112000,12001,119.0,78,33.0,635.0,0,2,4,1,1,40380,145,0,0,0,0,0,4,0,4.7,4.0,3.7,760.4462755484803,0.0,426.25,0.0,62000.0,118,120.0
365419978803,22001,2,8.25,8.25,62000.0,62000.0,120,112000,12001,118.0,78,33.0,635.0,0,2,4,1,1,40380,145,0,0,0,0,0,4,0,4.7,4.0,3.5,760.4462755484803,0.0,426.25,0.0,62000.0,117,120.0
365419978803,32001,2,8.25,8.25,62000.0,62000.0,120,112000,12001,117.0,78,33.0,635.0,0,2,4,1,1,40380,145,0,0,0,0,0,4,0,4.7,4.0,2.9,760.4462755484803,0.0,426.25,0.0,62000.0,116,120.0
365419978803,42001,2,8.25,8.25,62000.0,62000.0,120,112000,12001,116.0,78,33.0,635.0,0,2,4,1,1,40380,145,0,0,0,0,0,4,0,4.7,4.0,3.3,760.4462755484803,0.0,426.25,0.0,62000.0,115,120.0
365419978803,52001,2,8.25,8.25,62000.0,62000.0,120,112000,12001,115.0,78,33.0,635.0,0,2,4,1,1,40380,145,0,0,0,0,0,4,0,4.7,4.0,3.6,760.4462755484803,0.0,426.25,0.0,62000.0,114,120.0
365419978803,62001,2,8.25,8.25,62000.0,60250.14,120,112000,12001,114.0,78,33.0,635.0,0,2,4,1,1,40380,145,0,0,0,0,0,4,0,4.7,4.0,3.2,760.4462755484803,1749.8600000000006,426.25,1415.6637244515202,62000.0,113,120.0
365419978803,72001,2,8.25,8.25,62000.0,59900.23,120,112000,12001,113.0,78,33.0,635.0,0,2,4,1,1,40380,145,0,0,0,0,0,4,0,4.7,4.0,2.7,760.4462755484803,349.9099999999962,426.25,15.713724451515873,60250.14,112,120.0
365419978803,82001,2,8.25,8.25,62000.0,59547.91,120,112000,12001,112.0,78,33.0,635.0,0,2,4,1,1,40380,145,0,0,0,0,0,4,0,4.7,4.0,2.7,760.4462755484803,352.3199999999997,426.25,18.123724451519365,59900.23,111,120.0
703199062222,102000,0,8.0,8.0,26000.0,26000.0,180,92000,112000,180.0,90,9.0,635.0,0,1,4,1,1,47260,237,1,0,0,0,0,4,0,4.0,4.0,3.4,248.46954192589268,0.0,173.33333333333334,0.0,26000.0,179,80.0
703199062222,112000,0,8.0,8.0,26000.0,26000.0,180,92000,112000,178.0,90,9.0,635.0,0,1,4,1,1,47260,237,1,0,0,0,0,4,0,4.0,4.0,3.4,248.46954192589268,0.0,173.33333333333334,0.0,26000.0,178,80.0
703199062222,122000,0,8.0,8.0,26000.0,26000.0,180,92000,112000,175.0,90,9.0,635.0,0,1,4,1,1,47260,237,1,0,0,0,0,4,0,4.0,4.0,3.4,248.46954192589268,0.0,173.33333333333334,0.0,26000.0,177,80.0
703199062222,12001,0,8.0,8.0,26000.0,26000.0,180,92000,112000,175.0,90,9.0,635.0,0,1,4,1,1,47260,237,1,0,0,0,0,4,0,4.7,4.0,3.7,248.46954192589268,0.0,173.33333333333334,0.0,26000.0,176,80.0
703199062222,22001,0,8.0,8.0,26000.0,26000.0,180,92000,112000,174.0,90,9.0,635.0,0,1,4,1,1,47260,237,1,0,0,0,0,4,0,4.7,4.0,3.5,248.46954192589268,0.0,173.33333333333334,0.0,26000.0,175,80.0
703199062222,32001,0,8.0,8.0,26000.0,26000.0,180,92000,112000,171.0,90,9.0,635.0,0,1,4,1,1,47260,237,1,0,0,0,0,4,0,4.7,4.0,2.9,248.46954192589268,0.0,173.33333333333334,0.0,26000.0,174,80.0
703199062222,42001,0,8.0,8.0,26000.0,24945.51,180,92000,112000,171.0,90,9.0,635.0,0,1,4,1,1,47260,237,1,0,0,0,0,4,0,4.7,4.0,3.3,248.46954192589268,1054.4900000000016,173.33333333333334,979.3537914074424,26000.0,173,80.0
703199062222,52001,0,8.0,8.0,26000.0,24945.51,180,92000,112000,171.0,90,9.0,635.0,0,1,4,1,1,47260,237,1,1,0,0,0,4,0,4.7,4.0,3.6,248.46954192589268,0.0,173.33333333333334,0.0,24945.51,172,80.0
703199062222,62001,0,8.0,8.0,26000.0,24737.65,180,92000,112000,168.0,90,9.0,635.0,0,1,4,1,1,47260,237,1,0,0,0,0,4,0,4.7,4.0,3.2,248.46954192589268,207.8599999999969,173.33333333333334,132.7237914074376,24945.51,171,80.0
679755609996,52001,0,7.0,7.0,41000.0,41000.0,180,32001,52001,178.0,75,29.0,651.0,0,2,4,1,1,16980,463,0,0,0,0,0,4,0,4.7,4.0,3.6,368.51959104949424,0.0,239.16666666666669,0.0,41000.0,178,175.0
679755609996,62001,0,7.0,7.0,41000.0,41000.0,180,32001,52001,178.0,75,29.0,651.0,0,2,4,1,1,16980,463,0,0,0,0,0,4,0,4.7,4.0,3.2,368.51959104949424,0.0,239.16666666666669,0.0,41000.0,177,175.0
679755609996,72001,0,7.0,7.0,41000.0,41000.0,180,32001,52001,176.0,75,29.0,651.0,0,2,4,1,1,16980,463,0,0,0,0,0,4,0,4.7,4.0,2.7,368.51959104949424,0.0,239.16666666666669,0.0,41000.0,176,175.0
679755609996,82001,0,7.0,7.0,41000.0,41000.0,180,32001,52001,176.0,75,29.0,651.0,0,2,4,1,1,16980,463,0,0,0,0,0,4,0,4.7,4.0,2.7,368.51959104949424,0.0,239.16666666666669,0.0,41000.0,175,175.0
679755609996,92001,0,7.0,7.0,41000.0,41000.0,180,32001,52001,175.0,75,29.0,651.0,0,2,4,1,1,16980,463,0,0,0,0,0,4,0,4.7,4.0,2.6,368.51959104949424,0.0,239.16666666666669,0.0,41000.0,174,175.0
679755609996,102001,0,7.0,7.0,41000.0,41000.0,180,32001,52001,173.0,75,29.0,651.0,0,2,4,1,1,16980,463,0,0,0,0,0,4,0,4.7,4.0,2.1,368.51959104949424,0.0,239.16666666666669,0.0,41000.0,173,175.0
679755609996,112001,0,7.0,7.0,41000.0,39438.0,180,32001,52001,172.0,75,29.0,651.0,0,2,4,1,1,16980,463,0,0,0,0,0,4,0,4.7,4.0,1.9,368.51959104949424,1562.0,239.16666666666669,1432.6470756171725,41000.0,172,175.0
679755609996,122001,0,7.0,7.0,41000.0,39304.03,180,32001,52001,171.0,75,29.0,651.0,0,2,4,1,1,16980,463,0,0,0,0,0,4,0,4.7,4.0,1.6,368.51959104949424,133.97000000000116,239.16666666666669,4.617075617173612,39438.0,171,175.0
679755609996,12002,0,7.0,7.0,41000.0,39169.27,180,32001,52001,170.0,75,29.0,651.0,0,2,4,1,1,16980,463,0,0,0,0,0,4,0,5.8,3.9,1.1,368.51959104949424,134.76000000000204,239.16666666666669,5.407075617174485,39304.03,170,175.0
447230240168,12002,1,6.25,6.25,105000.0,105000.0,360,112001,12002,359.0,30,20.0,642.0,0,0,4,1,1,38060,852,0,0,0,0,0,4,0,5.8,3.9,1.1,646.5030604477143,0.0,546.875,0.0,105000.0,358,119.0
447230240168,22002,1,6.25,6.25,105000.0,105000.0,360,112001,12002,358.0,30,20.0,642.0,0,0,4,1,1,38060,852,0,0,0,0,0,4,0,5.8,3.9,1.1,646.5030604477143,0.0,546.875,0.0,105000.0,357,119.0
447230240168,32002,1,6.25,6.25,105000.0,105000.0,360,112001,12002,357.0,30,20.0,642.0,0,0,4,1,1,38060,852,0,0,0,0,0,4,0,5.8,3.9,1.5,646.5030604477143,0.0,546.875,0.0,105000.0,356,119.0
447230240168,42002,1,6.25,6.25,105000.0,105000.0,360,112001,12002,356.0,30,20.0,642.0,0,0,4,1,1,38060,852,0,0,0,0,0,4,0,5.8,3.9,1.6,646.5030604477143,0.0,546.875,0.0,105000.0,355,119.0
447230240168,52002,1,6.25,6.25,105000.0,105000.0,360,112001,12002,355.0,30,20.0,642.0,0,0,4,1,1,38060,852,0,0,0,0,0,4,0,5.8,3.9,1.2,646.5030604477143,0.0,546.875,0.0,105000.0,354,119.0
447230240168,62002,1,6.25,6.25,105000.0,105000.0,360,112001,12002,354.0,30,20.0,642.0,0,0,4,1,1,38060,852,0,0,0,0,0,4,0,5.8,3.9,1.1,646.5030604477143,0.0,546.875,0.0,105000.0,353,119.0
447230240168,72002,1,6.25,6.25,105000.0,104244.14,360,112001,12002,353.0,30,20.0,642.0,0,0,4,1,1,38060,852,0,0,0,0,0,4,0,5.8,3.9,1.5,646.5030604477143,755.8600000000006,546.875,656.2319395522862,105000.0,352,119.0
447230240168,82002,1,6.25,6.25,105000.0,104133.9,360,112001,12002,352.0,30,20.0,642.0,0,0,4,1,1,38060,852,0,0,0,0,0,4,0,5.8,3.9,1.8,646.5030604477143,110.24000000000524,546.875,10.611939552290892,104244.14,351,119.0
447230240168,92002,1,6.25,6.25,105000.0,104023.08,360,112001,12002,351.0,30,20.0,642.0,0,0,4,1,1,38060,852,0,0,0,0,0,4,0,5.8,3.9,1.5,646.5030604477143,110.81999999999243,546.875,11.191939552278086,104133.9,350,119.0
510172044759,72002,2,6.375,6.375,57000.0,57000.0,180,62002,82002,180.0,85,42.0,642.0,0,0,4,1,1,46540,134,0,0,0,0,0,4,0,5.8,3.9,1.5,492.62270614776793,0.0,302.8125,0.0,57000.0,179,110.0
510172044759,82002,2,6.375,6.375,57000.0,57000.0,180,62002,82002,179.0,85,42.0,642.0,0,0,4,1,1,46540,134,0,0,0,0,0,4,0,5.8,3.9,1.8,492.62270614776793,0.0,302.8125,0.0,57000.0,178,110.0
510172044759,92002,2,6.375,6.375,57000.0,57000.0,180,62002,82002,178.0,85,42.0,642.0,0,0,4,1,1,46540,134,0,0,0,0,0,4,0,5.8,3.9,1.5,492.62270614776793,0.0,302.8125,0.0,57000.0,177,110.0
510172044759,102002,2,6.375,6.375,57000.0,57000.0,180,62002,82002,177.0,85,42.0,642.0,0,0,4,1,1,46540,134,0,0,0,0,0,4,0,5.8,3.9,2.0,492.62270614776793,0.0,302.8125,0.0,57000.0,176,110.0
510172044759,112002,2,6.375,6.375,57000.0,57000.0,180,62002,82002,176.0,85,42.0,642.0,0,0,4,1,1,46540,134,0,0,0,0,0,4,0,5.8,3.9,2.2,492.62270614776793,0.0,302.8125,0.0,57000.0,175,110.0
510172044759,122002,2,6.375,6.375,57000.0,57000.0,180,62002,82002,175.0,85,42.0,642.0,0,0,4,1,1,46540,134,0,0,0,0,0,4,0,5.8,3.9,2.4,492.62270614776793,0.0,302.8125,0.0,57000.0,174,110.0
510172044759,12003,2,6.375,6.375,57000.0,55845.92,180,62002,82002,174.0,85,42.0,642.0,0,0,4,1,1,46540,134,0,0,0,0,0,4,0,6.0,3.8,2.6,492.62270614776793,1154.0800000000015,302.8125,964.2697938522338,57000.0,173,110.0
510172044759,22003,2,6.375,6.375,57000.0,55649.98,180,62002,82002,173.0,85,42.0,642.0,0,0,4,1,1,46540,134,0,0,0,0,0,4,0,6.0,3.8,3.0,492.62270614776793,195.93999999999505,302.8125,6.129793852227124,55845.92,172,110.0
510172044759,32003,2,6.375,6.375,57000.0,55453.0,180,62002,82002,172.0,85,42.0,642.0,0,0,4,1,1,46540,134,0,0,0,0,0,4,0,6.0,3.8,3.0,492.62270614776793,196.9800000000032,302.8125,7.169793852235273,55649.98,171,110.0
737328685091,32003,2,5.125,5.125,152000.0,152000.0,180,22003,42003,179.0,80,29.0,654.0,0,2,4,1,1,19180,618,0,0,0,0,0,4,0,6.0,3.8,3.0,1211.9270361864187,0.0,649.1666666666666,0.0,152000.0,179,116.0
737328685091,42003,2,5.125,5.125,152000.0,152000.0,180,22003,42003,179.0,80,29.0,654.0,0,2,4,1,1,19180,618,0,0,0,0,0,4,0,6.0,3.8,2.2,1211.9270361864187,0.0,649.1666666666666,0.0,152000.0,178,116.0
737328685091,52003,2,5.125,5.125,152000.0,152000.0,180,22003,42003,178.0,80,29.0,654.0,0,2,4,1,1,19180,618,0,0,0,0,0,4,0,6.0,3.8,2.1,1211.9270361864187,0.0,649.1666666666666,0.0,152000.0,177,116.0
737328685091,62003,2,5.125,5.125,152000.0,152000.0,180,22003,42003,177.0,80,29.0,654.0,0,2,4,1,1,19180,618,0,0,0,0,0,4,0,6.0,3.8,2.1,1211.9270361864187,0.0,649.1666666666666,0.0,152000.0,176,116.0
737328685091,72003,2,5.125,5.125,152000.0,152000.0,180,22003,42003,176.0,80,29.0,654.0,0,2,4,1,1,19180,618,0,0,0,0,0,4,0,6.0,3.8,2.1,1211.9270361864187,0.0,649.1666666666666,0.0,152000.0,175,116.0
737328685091,82003,2,5.125,5.125,152000.0,152000.0,180,22003,42003,175.0,80,29.0,654.0,0,2,4,1,1,19180,618,0,0,0,0,0,4,0,6.0,3.8,2.2,1211.9270361864187,0.0,649.1666666666666,0.0,152000.0,174,116.0
737328685091,92003,2,5.125,5.125,152000.0,148175.83,180,22003,42003,173.0,80,29.0,654.0,0,2,4,1,1,19180,618,0,0,0,0,0,4,0,6.0,3.8,2.3,1211.9270361864187,3824.170000000013,649.1666666666666,3261.4096304802606,152000.0,173,116.0
737328685091,102003,2,5.125,5.125,152000.0,147595.37,180,22003,42003,172.0,80,29.0,654.0,0,2,4,1,1,19180,618,0,0,0,0,0,4,0,6.0,3.8,2.0,1211.9270361864187,580.4599999999919,649.1666666666666,17.69963048023976,148175.83,172,116.0
737328685091,112003,2,5.125,5.125,152000.0,147012.44,180,22003,42003,171.0,80,29.0,654.0,0,2,4,1,1,19180,618,0,0,0,0,0,4,0,6.0,3.8,1.8,1211.9270361864187,582.929999999993,649.1666666666666,20.16963048024093,147595.37,171,116.0
100015646624,62003,1,5.5,5.5,122000.0,122000.0,180,42003,62003,179.0,47,21.0,645.0,0,0,4,1,1,40900,957,0,0,0,0,0,4,0,6.0,3.8,2.1,996.8418146377828,0.0,559.1666666666666,0.0,122000.0,178,154.0
100015646624,72003,1,5.5,5.5,122000.0,122000.0,180,42003,62003,178.0,47,21.0,645.0,0,0,4,1,1,40900,957,0,0,0,0,0,4,0,6.0,3.8,2.1,996.8418146377828,0.0,559.1666666666666,0.0,122000.0,177,154.0
100015646624,82003,1,5.5,5.5,122000.0,122000.0,180,42003,62003,177.0,47,21.0,645.0,0,0,4,1,1,40900,957,0,0,0,0,0,4,0,6.0,3.8,2.2,996.8418146377828,0.0,559.1666666666666,0.0,122000.0,176,154.0
100015646624,92003,1,5.5,5.5,122000.0,122000.0,180,42003,62003,176.0,47,21.0,645.0,0,0,4,1,1,40900,957,0,0,0,0,0,4,0,6.0,3.8,2.3,996.8418146377828,0.0,559.1666666666666,0.0,122000.0,175,154.0
100015646624,102003,1,5.5,5.5,122000.0,122000.0,180,42003,62003,175.0,47,21.0,645.0,0,0,4,1,1,40900,957,0,0,0,0,0,4,0,6.0,3.8,2.0,996.8418146377828,0.0,559.1666666666666,0.0,122000.0,174,154.0
100015646624,112003,1,5.5,5.5,122000.0,122000.0,180,42003,62003,174.0,47,21.0,645.0,0,0,4,1,1,40900,957,0,0,0,0,0,4,0,6.0,3.8,1.8,996.8418146377828,0.0,559.1666666666666,0.0,122000.0,173,154.0
100015646624,122003,1,5.5,5.5,122000.0,118893.15,180,42003,62003,173.0,47,21.0,645.0,0,0,4,1,1,40900,957,0,0,0,0,0,4,0,6.0,3.8,1.9,996.8418146377828,3106.850000000006,559.1666666666666,2669.1748520288897,122000.0,172,154.0
100015646624,12004,1,5.5,5.5,122000.0,118441.23,180,42003,62003,172.0,47,21.0,645.0,0,0,4,1,1,40900,957,0,0,0,0,0,4,0,5.5,3.7,1.9,996.8418146377828,451.9199999999983,559.1666666666666,14.244852028882065,118893.15,171,154.0
100015646624,22004,1,5.5,5.5,122000.0,117987.24,180,42003,62003,171.0,47,21.0,645.0,0,0,4,1,1,40900,957,0,0,0,0,0,4,0,5.5,3.7,1.7,996.8418146377828,453.9899999999907,559.1666666666666,16.314852028874498,118441.23,170,154.0
100013260909,92003,2,4.875,4.875,219000.0,219000.0,120,82003,102003,120.0,58,50.0,658.0,0,0,4,1,1,37980,189,0,0,0,0,0,4,0,6.0,3.8,2.3,2309.477115801263,0.0,889.6875,0.0,219000.0,119,113.0
100013260909,102003,2,4.875,4.875,219000.0,219000.0,120,82003,102003,118.0,58,50.0,658.0,0,0,4,1,1,37980,189,0,0,0,0,0,4,0,6.0,3.8,2.0,2309.477115801263,0.0,889.6875,0.0,219000.0,118,113.0
100013260909,112003,2,4.875,4.875,219000.0,219000.0,120,82003,102003,118.0,58,50.0,658.0,0,0,4,1,1,37980,189,0,0,0,0,0,4,0,6.0,3.8,1.8,2309.477115801263,0.0,889.6875,0.0,219000.0,117,113.0
100013260909,122003,2,4.875,4.875,219000.0,219000.0,120,82003,102003,117.0,58,50.0,658.0,0,0,4,1,1,37980,189,0,0,0,0,0,4,0,6.0,3.8,1.9,2309.477115801263,0.0,889.6875,0.0,219000.0,116,113.0
100013260909,12004,2,4.875,4.875,219000.0,219000.0,120,82003,102003,116.0,58,50.0,658.0,0,0,4,1,1,37980,189,0,0,0,0,0,4,0,5.5,3.7,1.9,2309.477115801263,0.0,889.6875,0.0,219000.0,115,113.0
100013260909,22004,2,4.875,4.875,219000.0,219000.0,120,82003,102003,115.0,58,50.0,658.0,0,0,4,1,1,37980,189,0,0,0,0,0,4,0,5.5,3.7,1.7,2309.477115801263,0.0,889.6875,0.0,219000.0,114,113.0
100013260909,32004,2,4.875,4.875,219000.0,210274.19,120,82003,102003,114.0,58,50.0,658.0,0,0,4,1,1,37980,189,0,0,0,0,0,4,0,5.5,3.7,1.7,2309.477115801263,8725.809999999998,889.6875,7306.020384198735,219000.0,113,113.0
100013260909,42004,2,4.875,4.875,219000.0,208820.27,120,82003,102003,113.0,58,50.0,658.0,0,0,4,1,1,37980,189,0,0,0,0,0,4,0,5.5,3.7,2.3,2309.477115801263,1453.9200000000128,889.6875,34.13038419874965,210274.19,112,113.0
100013260909,52004,2,4.875,4.875,219000.0,207360.44,120,82003,102003,112.0,58,50.0,658.0,0,0,4,1,1,37980,189,0,0,0,0,0,4,0,5.5,3.7,3.1,2309.477115801263,1459.8299999999872,889.6875,40.04038419872404,208820.27,111,113.0
804180662271,92003,2,5.125,5.125,63000.0,63000.0,180,92003,112003,180.0,66,33.0,650.0,0,2,4,1,1,0,718,0,0,0,0,0,4,0,6.0,3.8,2.3,502.3118636825288,0.0,269.0625,0.0,63000.0,180,160.0
804180662271,102003,2,5.125,5.125,63000.0,63000.0,180,92003,112003,180.0,66,33.0,650.0,0,2,4,1,1,0,718,0,0,0,0,0,4,0,6.0,3.8,2.0,502.3118636825288,0.0,269.0625,0.0,63000.0,179,160.0
804180662271,112003,2,5.125,5.125,63000.0,63000.0,180,92003,112003,178.0,66,33.0,650.0,0,2,4,1,1,0,718,0,0,0,0,0,4,0,6.0,3.8,1.8,502.3118636825288,0.0,269.0625,0.0,63000.0,178,160.0
804180662271,122003,2,5.125,5.125,63000.0,63000.0,180,92003,112003,177.0,66,33.0,650.0,0,2,4,1,1,0,718,0,0,0,0,0,4,0,6.0,3.8,1.9,502.3118636825288,0.0,269.0625,0.0,63000.0,177,160.0
804180662271,12004,2,5.125,5.125,63000.0,63000.0,180,92003,112003,176.0,66,33.0,650.0,0,2,4,1,1,0,718,0,0,0,0,0,4,0,5.5,3.7,1.9,502.3118636825288,0.0,269.0625,0.0,63000.0,176,160.0
804180662271,22004,2,5.125,5.125,63000.0,63000.0,180,92003,112003,175.0,66,33.0,650.0,0,2,4,1,1,0,718,0,0,0,0,0,4,0,5.5,3.7,1.7,502.3118636825288,0.0,269.0625,0.0,63000.0,175,160.0
804180662271,32004,2,5.125,5.125,63000.0,61791.24,180,92003,112003,173.0,66,33.0,650.0,0,2,4,1,1,0,718,0,0,0,0,0,4,0,5.5,3.7,1.7,502.3118636825288,1208.760000000002,269.0625,975.5106363174732,63000.0,174,160.0
804180662271,42004,2,5.125,5.125,63000.0,61514.64,180,92003,112003,172.0,66,33.0,650.0,0,2,4,1,1,0,718,0,0,0,0,0,4,0,5.5,3.7,2.3,502.3118636825288,276.59999999999854,269.0625,43.35063631746971,61791.24,173,160.0
804180662271,52004,2,5.125,5.125,63000.0,61246.86,180,92003,112003,171.0,66,33.0,650.0,0,2,4,1,1,0,718,0,0,0,0,0,4,0,5.5,3.7,3.1,502.3118636825288,267.77999999999884,269.0625,34.53063631747,61514.64,172,160.0
422060666333,112003,2,5.25,5.25,85000.0,85000.0,180,102003,122003,180.0,56,39.0,646.0,0,0,3,1,1,37980,190,0,0,0,0,0,4,0,6.0,3.8,1.8,683.2960581283294,0.0,371.87500000000006,0.0,85000.0,179,230.0
422060666333,122003,2,5.25,5.25,85000.0,85000.0,180,102003,122003,179.0,56,39.0,646.0,0,0,3,1,1,37980,190,0,0,0,0,0,4,0,6.0,3.8,1.9,683.2960581283294,0.0,371.87500000000006,0.0,85000.0,178,230.0
422060666333,12004,2,5.25,5.25,85000.0,85000.0,180,102003,122003,178.0,56,39.0,646.0,0,0,3,1,1,37980,190,0,0,0,0,0,4,0,5.5,3.7,1.9,683.2960581283294,0.0,371.87500000000006,0.0,85000.0,177,230.0
422060666333,22004,2,5.25,5.25,85000.0,85000.0,180,102003,122003,177.0,56,39.0,646.0,0,0,3,1,1,37980,190,0,0,0,0,0,4,0,5.5,3.7,1.7,683.2960581283294,0.0,371.87500000000006,0.0,85000.0,176,230.0
422060666333,32004,2,5.25,5.25,85000.0,85000.0,180,102003,122003,175.0,56,39.0,646.0,0,0,3,1,1,37980,190,0,0,0,0,0,4,0,5.5,3.7,1.7,683.2960581283294,0.0,371.87500000000006,0.0,85000.0,175,230.0
422060666333,42004,2,5.25,5.25,85000.0,85000.0,180,102003,122003,175.0,56,39.0,646.0,0,0,3,1,1,37980,190,0,1,0,0,0,4,0,5.5,3.7,2.3,683.2960581283294,0.0,371.87500000000006,0.0,85000.0,174,230.0
422060666333,52004,2,5.25,5.25,85000.0,83064.58,180,102003,122003,174.0,56,39.0,646.0,0,0,3,1,1,37980,190,0,1,0,0,0,4,0,5.5,3.7,3.1,683.2960581283294,1935.4199999999985,371.87500000000006,1623.9989418716689,85000.0,173,230.0
422060666333,62004,2,5.25,5.25,85000.0,82423.4,180,102003,122003,172.0,56,39.0,646.0,0,0,3,1,1,37980,190,0,0,0,0,0,4,0,5.5,3.7,3.3,683.2960581283294,641.1800000000076,371.87500000000006,329.75894187167825,83064.58,172,230.0
422060666333,72004,2,5.25,5.25,85000.0,81969.91,180,102003,122003,171.0,56,39.0,646.0,0,0,3,1,1,37980,190,0,0,0,0,0,4,0,5.5,3.7,3.0,683.2960581283294,453.4899999999907,371.87500000000006,142.06894187166137,82423.4,171,230.0
100105207315,32004,1,5.875,5.875,77000.0,77000.0,180,22004,42004,180.0,68,49.0,633.0,0,2,4,1,1,0,766,1,0,0,0,0,4,0,5.5,3.7,1.7,644.5812404112544,0.0,376.9791666666667,0.0,77000.0,179,65.0
100105207315,42004,1,5.875,5.875,77000.0,77000.0,180,22004,42004,179.0,68,49.0,633.0,0,2,4,1,1,0,766,1,0,0,0,0,4,0,5.5,3.7,2.3,644.5812404112544,0.0,376.9791666666667,0.0,77000.0,178,65.0
100105207315,52004,1,5.875,5.875,77000.0,77000.0,180,22004,42004,178.0,68,49.0,633.0,0,2,4,1,1,0,766,1,0,0,0,0,4,0,5.5,3.7,3.1,644.5812404112544,0.0,376.9791666666667,0.0,77000.0,177,65.0
100105207315,62004,1,5.875,5.875,77000.0,77000.0,180,22004,42004,177.0,68,49.0,633.0,0,2,4,1,1,0,766,1,0,0,0,0,4,0,5.5,3.7,3.3,644.5812404112544,0.0,376.9791666666667,0.0,77000.0,176,65.0
100105207315,72004,1,5.875,5.875,77000.0,77000.0,180,22004,42004,176.0,68,49.0,633.0,0,2,4,1,1,0,766,1,0,0,0,0,4,0,5.5,3.7,3.0,644.5812404112544,0.0,376.9791666666667,0.0,77000.0,175,65.0
100105207315,82004,1,5.875,5.875,77000.0,77000.0,180,22004,42004,175.0,68,49.0,633.0,0,2,4,1,1,0,766,1,0,0,0,0,4,0,5.5,3.7,2.7,644.5812404112544,0.0,376.9791666666667,0.0,77000.0,174,65.0
100105207315,92004,1,5.875,5.875,77000.0,75354.09,180,22004,42004,175.0,68,49.0,633.0,0,2,4,1,1,0,766,1,1,0,0,0,4,0,5.5,3.7,2.5,644.5812404112544,1645.9100000000035,376.9791666666667,1378.307926255416,77000.0,173,65.0
100105207315,102004,1,5.875,5.875,77000.0,75080.94,180,22004,42004,174.0,68,49.0,633.0,0,2,4,1,1,0,766,1,1,0,0,0,4,0,5.5,3.7,3.2,644.5812404112544,273.1499999999942,376.9791666666667,5.54792625540648,75354.09,172,65.0
100105207315,112004,1,5.875,5.875,77000.0,74806.45,180,22004,42004,173.0,68,49.0,633.0,0,2,4,1,1,0,766,1,1,0,0,0,4,0,5.5,3.7,3.5,644.5812404112544,274.49000000000524,376.9791666666667,6.88792625541754,75080.94,171,65.0
100048528971,52004,1,4.875,4.875,200000.0,200000.0,240,32004,52004,239.0,50,22.0,639.0,0,1,4,1,1,41860,941,0,0,0,0,0,4,0,5.5,3.7,3.1,1306.140092311154,0.0,812.5,0.0,200000.0,238,128.0
100048528971,62004,1,4.875,4.875,200000.0,200000.0,240,32004,52004,238.0,50,22.0,639.0,0,1,4,1,1,41860,941,0,0,0,0,0,4,0,5.5,3.7,3.3,1306.140092311154,0.0,812.5,0.0,200000.0,237,128.0
100048528971,72004,1,4.875,4.875,200000.0,200000.0,240,32004,52004,237.0,50,22.0,639.0,0,1,4,1,1,41860,941,0,0,0,0,0,4,0,5.5,3.7,3.0,1306.140092311154,0.0,812.5,0.0,200000.0,236,128.0
100048528971,82004,1,4.875,4.875,200000.0,200000.0,240,32004,52004,236.0,50,22.0,639.0,0,1,4,1,1,41860,941,0,0,0,0,0,4,0,5.5,3.7,2.7,1306.140092311154,0.0,812.5,0.0,200000.0,235,128.0
100048528971,92004,1,4.875,4.875,200000.0,200000.0,240,32004,52004,235.0,50,22.0,639.0,0,1,4,1,1,41860,941,0,0,0,0,0,4,0,5.5,3.7,2.5,1306.140092311154,0.0,812.5,0.0,200000.0,234,128.0
100048528971,102004,1,4.875,4.875,200000.0,200000.0,240,32004,52004,233.0,50,22.0,639.0,0,1,4,1,1,41860,941,0,0,0,0,0,4,0,5.5,3.7,3.2,1306.140092311154,0.0,812.5,0.0,200000.0,233,128.0
100048528971,112004,1,4.875,4.875,200000.0,195994.26,240,32004,52004,232.0,50,22.0,639.0,0,1,4,1,1,41860,941,0,0,0,0,0,4,0,5.5,3.7,3.5,1306.140092311154,4005.739999999991,812.5,3512.0999076888365,200000.0,232,128.0
100048528971,122004,1,4.875,4.875,200000.0,195484.35,240,32004,52004,231.0,50,22.0,639.0,0,1,4,1,1,41860,941,0,0,0,0,0,4,0,5.5,3.7,3.3,1306.140092311154,509.9100000000035,812.5,16.26990768884957,195994.26,231,128.0
100048528971,12005,1,4.875,4.875,200000.0,194972.37,240,32004,52004,230.0,50,22.0,639.0,0,1,4,1,1,41860,941,0,0,0,0,0,4,0,5.1,3.6,3.0,1306.140092311154,511.9800000000105,812.5,18.33990768885656,195484.35,230,128.0
574058819308,42004,1,5.375,5.375,64000.0,64000.0,180,22004,42004,180.0,80,36.0,639.0,0,2,4,1,1,19100,752,0,1,0,0,0,4,0,5.5,3.7,2.3,518.6978722578972,0.0,286.6666666666667,0.0,64000.0,178,105.0
574058819308,52004,1,5.375,5.375,64000.0,64000.0,180,22004,42004,178.0,80,36.0,639.0,0,2,4,1,1,19100,752,0,0,0,0,0,4,0,5.5,3.7,3.1,518.6978722578972,0.0,286.6666666666667,0.0,64000.0,177,105.0
574058819308,62004,1,5.375,5.375,64000.0,64000.0,180,22004,42004,177.0,80,36.0,639.0,0,2,4,1,1,19100,752,0,0,0,0,0,4,0,5.5,3.7,3.3,518.6978722578972,0.0,286.6666666666667,0.0,64000.0,176,105.0
574058819308,72004,1,5.375,5.375,64000.0,64000.0,180,22004,42004,175.0,80,36.0,639.0,0,2,4,1,1,19100,752,0,0,0,0,0,4,0,5.5,3.7,3.0,518.6978722578972,0.0,286.6666666666667,0.0,64000.0,175,105.0
574058819308,82004,1,5.375,5.375,64000.0,64000.0,180,22004,42004,175.0,80,36.0,639.0,0,2,4,1,1,19100,752,0,0,0,0,0,4,0,5.5,3.7,2.7,518.6978722578972,0.0,286.6666666666667,0.0,64000.0,174,105.0
574058819308,92004,1,5.375,5.375,64000.0,64000.0,180,22004,42004,174.0,80,36.0,639.0,0,2,4,1,1,19100,752,0,0,0,0,0,4,0,5.5,3.7,2.5,518.6978722578972,0.0,286.6666666666667,0.0,64000.0,173,105.0
574058819308,102004,1,5.375,5.375,64000.0,62353.47,180,22004,42004,173.0,80,36.0,639.0,0,2,4,1,1,19100,752,0,0,0,0,0,4,0,5.5,3.7,3.2,518.6978722578972,1646.5299999999988,286.6666666666667,1414.4987944087684,64000.0,172,105.0
574058819308,112004,1,5.375,5.375,64000.0,62112.76,180,22004,42004,172.0,80,36.0,639.0,0,2,4,1,1,19100,752,0,0,0,0,0,4,0,5.5,3.7,3.5,518.6978722578972,240.7099999999992,286.6666666666667,8.678794408768624,62353.47,171,105.0
574058819308,122004,1,5.375,5.375,64000.0,61872.27,180,22004,42004,171.0,80,36.0,639.0,0,2,4,1,1,19100,752,0,0,0,0,0,4,0,5.5,3.7,3.3,518.6978722578972,240.49000000000524,286.6666666666667,8.458794408774736,62112.76,170,105.0
447064194257,72004,2,5.5,5.5,94000.0,94000.0,120,62004,82004,120.0,44,32.0,656.0,0,2,4,1,1,19100,751,0,0,0,0,0,4,0,5.5,3.7,3.0,1020.1470128285106,0.0,430.8333333333333,0.0,94000.0,119,106.0
447064194257,82004,2,5.5,5.5,94000.0,94000.0,120,62004,82004,119.0,44,32.0,656.0,0,2,4,1,1,19100,751,0,0,0,0,0,4,0,5.5,3.7,2.7,1020.1470128285106,0.0,430.8333333333333,0.0,94000.0,118,106.0
447064194257,92004,2,5.5,5.5,94000.0,94000.0,120,62004,82004,118.0,44,32.0,656.0,0,2,4,1,1,19100,751,0,0,0,0,0,4,0,5.5,3.7,2.5,1020.1470128285106,0.0,430.8333333333333,0.0,94000.0,117,106.0
447064194257,102004,2,5.5,5.5,94000.0,94000.0,120,62004,82004,117.0,44,32.0,656.0,0,2,4,1,1,19100,751,0,0,0,0,0,4,0,5.5,3.7,3.2,1020.1470128285106,0.0,430.8333333333333,0.0,94000.0,116,106.0
447064194257,112004,2,5.5,5.5,94000.0,94000.0,120,62004,82004,116.0,44,32.0,656.0,0,2,4,1,1,19100,751,0,0,0,0,0,4,0,5.5,3.7,3.5,1020.1470128285106,0.0,430.8333333333333,0.0,94000.0,115,106.0
447064194257,122004,2,5.5,5.5,94000.0,94000.0,120,62004,82004,115.0,44,32.0,656.0,0,2,4,1,1,19100,751,0,0,0,0,0,4,0,5.5,3.7,3.3,1020.1470128285106,0.0,430.8333333333333,0.0,94000.0,114,106.0
447064194257,12005,2,5.5,5.5,94000.0,90351.19,120,62004,82004,114.0,44,32.0,656.0,0,2,4,1,1,19100,751,0,0,0,0,0,4,0,5.1,3.6,3.0,1020.1470128285106,3648.8099999999977,430.8333333333333,3059.4963205048207,94000.0,113,106.0
447064194257,22005,2,5.5,5.5,94000.0,89745.97,120,62004,82004,113.0,44,32.0,656.0,0,2,4,1,1,19100,751,0,0,0,0,0,4,0,5.1,3.6,3.0,1020.1470128285106,605.2200000000012,430.8333333333333,15.906320504823896,90351.19,112,106.0
447064194257,32005,2,5.5,5.5,94000.0,89137.98,120,62004,82004,112.0,44,32.0,656.0,0,2,4,1,1,19100,751,0,0,0,0,0,4,0,5.1,3.6,3.1,1020.1470128285106,607.9900000000052,430.8333333333333,18.67632050482797,89745.97,111,106.0
100339734240,22005,0,4.875,4.875,72000.0,72000.0,120,12005,32005,120.0,64,35.0,655.0,0,0,4,1,1,0,378,1,0,0,0,0,4,0,5.1,3.6,3.0,759.2801476606893,0.0,292.5,0.0,72000.0,119,51.0
100339734240,32005,0,4.875,4.875,72000.0,72000.0,120,12005,32005,119.0,64,35.0,655.0,0,0,4,1,1,0,378,1,0,0,0,0,4,0,5.1,3.6,3.1,759.2801476606893,0.0,292.5,0.0,72000.0,118,51.0
100339734240,42005,0,4.875,4.875,72000.0,72000.0,120,12005,32005,118.0,64,35.0,655.0,0,0,4,1,1,0,378,1,0,0,0,0,4,0,5.1,3.6,3.5,759.2801476606893,0.0,292.5,0.0,72000.0,117,51.0
100339734240,52005,0,4.875,4.875,72000.0,72000.0,120,12005,32005,117.0,64,35.0,655.0,0,0,4,1,1,0,378,1,0,0,0,0,4,0,5.1,3.6,2.8,759.2801476606893,0.0,292.5,0.0,72000.0,116,51.0
100339734240,62005,0,4.875,4.875,72000.0,72000.0,120,12005,32005,115.0,64,35.0,655.0,0,0,4,1,1,0,378,1,0,0,0,0,4,0,5.1,3.6,2.5,759.2801476606893,0.0,292.5,0.0,72000.0,115,51.0
100339734240,72005,0,4.875,4.875,72000.0,72000.0,120,12005,32005,114.0,64,35.0,655.0,0,0,4,1,1,0,378,1,0,0,0,0,4,0,5.1,3.6,3.2,759.2801476606893,0.0,292.5,0.0,72000.0,114,51.0
100339734240,82005,0,4.875,4.875,72000.0,68692.45,120,12005,32005,113.0,64,35.0,655.0,0,0,4,1,1,0,378,1,0,0,0,0,4,0,5.1,3.6,3.6,759.2801476606893,3307.550000000003,292.5,2840.7698523393137,72000.0,113,51.0
100339734240,92005,0,4.875,4.875,72000.0,68692.45,120,12005,32005,113.0,64,35.0,655.0,0,0,4,1,1,0,378,1,0,0,0,0,4,0,5.1,3.6,4.7,759.2801476606893,0.0,292.5,0.0,68692.45,112,51.0
100339734240,102005,0,4.875,4.875,72000.0,68212.23,120,12005,32005,112.0,64,35.0,655.0,0,0,4,1,1,0,378,1,0,0,0,0,4,0,5.1,3.6,4.3,759.2801476606893,480.2200000000012,292.5,13.43985233931187,68692.45,111,51.0
132027357451,32005,0,5.125,5.125,78000.0,78000.0,180,22005,42005,178.0,78,32.0,649.0,0,2,4,1,1,26620,358,0,0,0,0,0,4,0,5.1,3.6,3.1,621.9099264640834,0.0,333.125,0.0,78000.0,179,76.0
132027357451,42005,0,5.125,5.125,78000.0,78000.0,180,22005,42005,178.0,78,32.0,649.0,0,2,4,1,1,26620,358,0,0,0,0,0,4,0,5.1,3.6,3.5,621.9099264640834,0.0,333.125,0.0,78000.0,178,76.0
132027357451,52005,0,5.125,5.125,78000.0,78000.0,180,22005,42005,177.0,78,32.0,649.0,0,2,4,1,1,26620,358,0,0,0,0,0,4,0,5.1,3.6,2.8,621.9099264640834,0.0,333.125,0.0,78000.0,177,76.0
132027357451,62005,0,5.125,5.125,78000.0,78000.0,180,22005,42005,176.0,78,32.0,649.0,0,2,4,1,1,26620,358,0,0,0,0,0,4,0,5.1,3.6,2.5,621.9099264640834,0.0,333.125,0.0,78000.0,176,76.0
132027357451,72005,0,5.125,5.125,78000.0,78000.0,180,22005,42005,175.0,78,32.0,649.0,0,2,4,1,1,26620,358,0,0,0,0,0,4,0,5.1,3.6,3.2,621.9099264640834,0.0,333.125,0.0,78000.0,175,76.0
132027357451,82005,0,5.125,5.125,78000.0,78000.0,180,22005,42005,174.0,78,32.0,649.0,0,2,4,1,1,26620,358,0,0,0,0,0,4,0,5.1,3.6,3.6,621.9099264640834,0.0,333.125,0.0,78000.0,174,76.0
132027357451,92005,0,5.125,5.125,78000.0,75463.37,180,22005,42005,172.0,78,32.0,649.0,0,2,4,1,1,26620,358,0,0,0,0,0,4,0,5.1,3.6,4.7,621.9099264640834,2536.6300000000047,333.125,2247.845073535921,78000.0,173,76.0
132027357451,102005,0,5.125,5.125,78000.0,75163.75,180,22005,42005,171.0,78,32.0,649.0,0,2,4,1,1,26620,358,0,0,0,0,0,4,0,5.1,3.6,4.3,621.9099264640834,299.61999999999534,333.125,10.835073535911988,75463.37,172,76.0
132027357451,112005,0,5.125,5.125,78000.0,75163.75,180,22005,42005,171.0,78,32.0,649.0,0,2,4,1,1,26620,358,0,0,0,0,0,4,0,5.1,3.6,3.5,621.9099264640834,0.0,333.125,0.0,75163.75,171,76.0
550534133183,62005,2,5.625,5.625,49000.0,49000.0,120,52005,72005,120.0,28,22.0,648.0,0,2,4,1,1,10580,120,0,0,0,0,0,4,0,5.1,3.6,2.5,534.8188540640638,0.0,229.6875,0.0,49000.0,119,106.0
550534133183,72005,2,5.625,5.625,49000.0,49000.0,120,52005,72005,119.0,28,22.0,648.0,0,2,4,1,1,10580,120,0,0,0,0,0,4,0,5.1,3.6,3.2,534.8188540640638,0.0,229.6875,0.0,49000.0,118,106.0
550534133183,82005,2,5.625,5.625,49000.0,49000.0,120,52005,72005,118.0,28,22.0,648.0,0,2,4,1,1,10580,120,0,0,0,0,0,4,0,5.1,3.6,3.6,534.8188540640638,0.0,229.6875,0.0,49000.0,117,106.0
550534133183,92005,2,5.625,5.625,49000.0,49000.0,120,52005,72005,116.0,28,22.0,648.0,0,2,4,1,1,10580,120,0,0,0,0,0,4,0,5.1,3.6,4.7,534.8188540640638,0.0,229.6875,0.0,49000.0,116,106.0
550534133183,102005,2,5.625,5.625,49000.0,49000.0,120,52005,72005,115.0,28,22.0,648.0,0,2,4,1,1,10580,120,0,0,0,0,0,4,0,5.1,3.6,4.3,534.8188540640638,0.0,229.6875,0.0,49000.0,115,106.0
550534133183,112005,2,5.625,5.625,49000.0,49000.0,120,52005,72005,115.0,28,22.0,648.0,0,2,4,1,1,10580,120,0,0,0,0,0,4,0,5.1,3.6,3.5,534.8188540640638,0.0,229.6875,0.0,49000.0,114,106.0
550534133183,122005,2,5.625,5.625,49000.0,46762.76,120,52005,72005,114.0,28,22.0,648.0,0,2,4,1,1,10580,120,0,0,0,0,0,4,0,5.1,3.6,3.4,534.8188540640638,2237.239999999998,229.6875,1932.1086459359344,49000.0,113,106.0
550534133183,12006,2,5.625,5.625,49000.0,46451.51,120,52005,72005,113.0,28,22.0,648.0,0,2,4,1,1,10580,120,0,0,0,0,0,4,0,4.6,3.7,4.0,534.8188540640638,311.25,229.6875,6.118645935936229,46762.76,112,106.0
550534133183,22006,2,5.625,5.625,49000.0,46138.8,120,52005,72005,112.0,28,22.0,648.0,0,2,4,1,1,10580,120,0,0,0,0,0,4,0,4.6,3.7,3.6,534.8188540640638,312.7099999999991,229.6875,7.578645935935356,46451.51,111,106.0
348166466367,12006,2,5.875,5.875,117000.0,117000.0,180,122005,22006,180.0,42,39.0,649.0,0,0,4,1,1,40140,922,0,0,0,0,0,4,0,4.6,3.7,4.0,979.4286380274904,0.0,572.8125,0.0,117000.0,179,168.0
348166466367,22006,2,5.875,5.875,117000.0,117000.0,180,122005,22006,179.0,42,39.0,649.0,0,0,4,1,1,40140,922,0,0,0,0,0,4,0,4.6,3.7,3.6,979.4286380274904,0.0,572.8125,0.0,117000.0,178,168.0
348166466367,32006,2,5.875,5.875,117000.0,117000.0,180,122005,22006,177.0,42,39.0,649.0,0,0,4,1,1,40140,922,0,0,0,0,0,4,0,4.6,3.7,3.4,979.4286380274904,0.0,572.8125,0.0,117000.0,177,168.0
348166466367,42006,2,5.875,5.875,117000.0,117000.0,180,122005,22006,176.0,42,39.0,649.0,0,0,4,1,1,40140,922,0,0,0,0,0,4,0,4.6,3.7,3.5,979.4286380274904,0.0,572.8125,0.0,117000.0,176,168.0
348166466367,52006,2,5.875,5.875,117000.0,117000.0,180,122005,22006,176.0,42,39.0,649.0,0,0,4,1,1,40140,922,0,0,0,0,0,4,0,4.6,3.7,4.2,979.4286380274904,0.0,572.8125,0.0,117000.0,175,168.0
348166466367,62006,2,5.875,5.875,117000.0,117000.0,180,122005,22006,174.0,42,39.0,649.0,0,0,4,1,1,40140,922,0,0,0,0,0,4,0,4.6,3.7,4.3,979.4286380274904,0.0,572.8125,0.0,117000.0,174,168.0
348166466367,72006,2,5.875,5.875,117000.0,114530.23,180,122005,22006,174.0,42,39.0,649.0,0,0,4,1,1,40140,922,0,0,0,0,0,4,0,4.6,3.7,4.1,979.4286380274904,2469.770000000004,572.8125,2063.153861972514,117000.0,173,168.0
348166466367,82006,2,5.875,5.875,117000.0,114111.52,180,122005,22006,173.0,42,39.0,649.0,0,0,4,1,1,40140,922,0,0,0,0,0,4,0,4.6,3.7,3.8,979.4286380274904,418.7099999999919,572.8125,12.093861972501486,114530.23,172,168.0
348166466367,92006,2,5.875,5.875,117000.0,113690.76,180,122005,22006,172.0,42,39.0,649.0,0,0,4,1,1,40140,922,0,0,0,0,0,4,0,4.6,3.7,2.1,979.4286380274904,420.7600000000093,572.8125,14.143861972518948,114111.52,171,168.0
100110278603,62006,1,6.125,6.125,163000.0,163000.0,180,52006,72006,179.0,95,19.0,627.0,1,1,4,1,1,48700,177,0,0,0,0,0,4,0,4.6,3.7,4.3,1386.5187285105646,0.0,831.9791666666666,0.0,163000.0,179,78.0
100110278603,72006,1,6.125,6.125,163000.0,163000.0,180,52006,72006,178.0,95,19.0,627.0,1,1,4,1,1,48700,177,0,0,0,0,0,4,0,4.6,3.7,4.1,1386.5187285105646,0.0,831.9791666666666,0.0,163000.0,178,78.0
100110278603,82006,1,6.125,6.125,163000.0,163000.0,180,52006,72006,177.0,95,19.0,627.0,1,1,4,1,1,48700,177,0,0,0,0,0,4,0,4.6,3.7,3.8,1386.5187285105646,0.0,831.9791666666666,0.0,163000.0,177,78.0
100110278603,92006,1,6.125,6.125,163000.0,163000.0,180,52006,72006,176.0,95,19.0,627.0,1,1,4,1,1,48700,177,0,0,0,0,0,4,0,4.6,3.7,2.1,1386.5187285105646,0.0,831.9791666666666,0.0,163000.0,176,78.0
100110278603,102006,1,6.125,6.125,163000.0,163000.0,180,52006,72006,176.0,95,19.0,627.0,1,1,4,1,1,48700,177,0,0,0,0,0,4,0,4.6,3.7,1.3,1386.5187285105646,0.0,831.9791666666666,0.0,163000.0,175,78.0
100110278603,112006,1,6.125,6.125,163000.0,163000.0,180,52006,72006,175.0,95,19.0,627.0,1,1,4,1,1,48700,177,0,0,0,0,0,4,0,4.6,3.7,2.0,1386.5187285105646,0.0,831.9791666666666,0.0,163000.0,174,78.0
100110278603,122006,1,6.125,6.125,163000.0,159448.61,180,52006,72006,173.0,95,19.0,627.0,1,1,4,1,1,48700,177,0,0,0,0,0,4,0,4.6,3.7,2.5,1386.5187285105646,3551.390000000014,831.9791666666666,2996.850438156116,163000.0,173,78.0
100110278603,12007,1,6.125,6.125,163000.0,159448.61,180,52006,72006,173.0,95,19.0,627.0,1,1,4,1,1,48700,177,0,0,0,0,0,4,0,4.6,3.6,2.1,1386.5187285105646,0.0,831.9791666666666,0.0,159448.61,172,78.0
100110278603,22007,1,6.125,6.125,163000.0,158293.53,180,52006,72006,171.0,95,19.0,627.0,1,1,4,1,1,48700,177,0,0,0,0,0,4,0,4.6,3.6,2.4,1386.5187285105646,1155.0799999999872,831.9791666666666,600.5404381560892,159448.61,171,78.0
207036995689,42006,1,6.625,6.625,47000.0,47000.0,180,32006,52006,179.0,72,44.0,630.0,0,0,4,1,1,18140,431,0,0,0,0,0,4,0,4.6,3.7,3.5,412.65707136045694,0.0,259.4791666666667,0.0,47000.0,179,157.0
207036995689,52006,1,6.625,6.625,47000.0,47000.0,180,32006,52006,178.0,72,44.0,630.0,0,0,4,1,1,18140,431,0,0,0,0,0,4,0,4.6,3.7,4.2,412.65707136045694,0.0,259.4791666666667,0.0,47000.0,178,157.0
207036995689,62006,1,6.625,6.625,47000.0,47000.0,180,32006,52006,178.0,72,44.0,630.0,0,0,4,1,1,18140,431,0,0,0,0,0,4,0,4.6,3.7,4.3,412.65707136045694,0.0,259.4791666666667,0.0,47000.0,177,157.0
207036995689,72006,1,6.625,6.625,47000.0,47000.0,180,32006,52006,177.0,72,44.0,630.0,0,0,4,1,1,18140,431,0,0,0,0,0,4,0,4.6,3.7,4.1,412.65707136045694,0.0,259.4791666666667,0.0,47000.0,176,157.0
207036995689,82006,1,6.625,6.625,47000.0,47000.0,180,32006,52006,176.0,72,44.0,630.0,0,0,4,1,1,18140,431,0,0,0,0,0,4,0,4.6,3.7,3.8,412.65707136045694,0.0,259.4791666666667,0.0,47000.0,175,157.0
207036995689,92006,1,6.625,6.625,47000.0,47000.0,180,32006,52006,175.0,72,44.0,630.0,0,0,4,1,1,18140,431,0,0,0,0,0,4,0,4.6,3.7,2.1,412.65707136045694,0.0,259.4791666666667,0.0,47000.0,174,157.0
207036995689,102006,1,6.625,6.625,47000.0,46068.13,180,32006,52006,174.0,72,44.0,630.0,0,0,4,1,1,18140,431,0,0,0,0,0,4,0,4.6,3.7,1.3,412.65707136045694,931.8700000000026,259.4791666666667,778.6920953062124,47000.0,173,157.0
207036995689,112006,1,6.625,6.625,47000.0,45909.8,180,32006,52006,173.0,72,44.0,630.0,0,0,4,1,1,18140,431,0,0,0,0,0,4,0,4.6,3.7,2.0,412.65707136045694,158.32999999999447,259.4791666666667,5.152095306204217,46068.13,172,157.0
207036995689,122006,1,6.625,6.625,47000.0,45750.6,180,32006,52006,172.0,72,44.0,630.0,0,0,4,1,1,18140,431,0,0,0,0,0,4,0,4.6,3.7,2.5,412.65707136045694,159.20000000000437,259.4791666666667,6.022095306214112,45909.8,171,157.0
476998325894,62006,2,6.25,6.25,84000.0,84000.0,360,52006,72006,360.0,63,38.0,623.0,0,0,4,1,1,29460,338,0,0,0,0,0,4,0,4.6,3.7,4.3,517.2024483581714,0.0,437.5,0.0,84000.0,359,93.0
476998325894,72006,2,6.25,6.25,84000.0,84000.0,360,52006,72006,359.0,63,38.0,623.0,0,0,4,1,1,29460,338,0,0,0,0,0,4,0,4.6,3.7,4.1,517.2024483581714,0.0,437.5,0.0,84000.0,358,93.0
476998325894,82006,2,6.25,6.25,84000.0,84000.0,360,52006,72006,358.0,63,38.0,623.0,0,0,4,1,1,29460,338,0,0,0,0,0,4,0,4.6,3.7,3.8,517.2024483581714,0.0,437.5,0.0,84000.0,357,93.0
476998325894,92006,2,6.25,6.25,84000.0,84000.0,360,52006,72006,357.0,63,38.0,623.0,0,0,4,1,1,29460,338,0,0,0,0,0,4,0,4.6,3.7,2.1,517.2024483581714,0.0,437.5,0.0,84000.0,356,93.0
476998325894,102006,2,6.25,6.25,84000.0,84000.0,360,52006,72006,356.0,63,38.0,623.0,0,0,4,1,1,29460,338,0,0,0,0,0,4,0,4.6,3.7,1.3,517.2024483581714,0.0,437.5,0.0,84000.0,355,93.0
476998325894,112006,2,6.25,6.25,84000.0,84000.0,360,52006,72006,355.0,63,38.0,623.0,0,0,4,1,1,29460,338,0,0,0,0,0,4,0,4.6,3.7,2.0,517.2024483581714,0.0,437.5,0.0,84000.0,354,93.0
476998325894,122006,2,6.25,6.25,84000.0,83833.69,360,52006,72006,354.0,63,38.0,623.0,0,0,4,1,1,29460,338,0,0,0,0,0,4,0,4.6,3.7,2.5,517.2024483581714,166.30999999999767,437.5,86.60755164182626,84000.0,353,93.0
476998325894,12007,2,6.25,6.25,84000.0,83751.15,360,52006,72006,353.0,63,38.0,623.0,0,0,4,1,1,29460,338,0,0,0,0,0,4,0,4.6,3.6,2.1,517.2024483581714,82.54000000000815,437.5,2.83755164183674,83833.69,352,93.0
476998325894,22007,2,6.25,6.25,84000.0,83668.18,360,52006,72006,352.0,63,38.0,623.0,0,0,4,1,1,29460,338,0,0,0,0,0,4,0,4.6,3.6,2.4,517.2024483581714,82.97000000000116,437.5,3.2675516418297548,83751.15,351,93.0
486220746046,122006,1,6.875,6.875,95000.0,95000.0,360,102006,122006,359.0,54,12.0,644.0,0,0,4,1,0,39460,342,0,0,0,0,0,4,0,4.6,3.7,2.5,624.0823729917414,0.0,544.2708333333333,0.0,95000.0,358,71.0
486220746046,12007,1,6.875,6.875,95000.0,95000.0,360,102006,122006,357.0,54,12.0,644.0,0,0,4,1,0,39460,342,0,0,0,0,0,4,0,4.6,3.6,2.1,624.0823729917414,0.0,544.2708333333333,0.0,95000.0,357,71.0
486220746046,22007,1,6.875,6.875,95000.0,95000.0,360,102006,122006,356.0,54,12.0,644.0,0,0,4,1,0,39460,342,0,0,0,0,0,4,0,4.6,3.6,2.4,624.0823729917414,0.0,544.2708333333333,0.0,95000.0,356,71.0
486220746046,32007,1,6.875,6.875,95000.0,95000.0,360,102006,122006,355.0,54,12.0,644.0,0,0,4,1,0,39460,342,0,0,0,0,0,4,0,4.6,3.6,2.8,624.0823729917414,0.0,544.2708333333333,0.0,95000.0,355,71.0
486220746046,42007,1,6.875,6.875,95000.0,95000.0,360,102006,122006,355.0,54,12.0,644.0,0,0,4,1,0,39460,342,0,0,0,0,0,4,0,4.6,3.6,2.6,624.0823729917414,0.0,544.2708333333333,0.0,95000.0,354,71.0
486220746046,52007,1,6.875,6.875,95000.0,95000.0,360,102006,122006,354.0,54,12.0,644.0,0,0,4,1,0,39460,342,0,0,0,0,0,4,0,4.6,3.6,2.7,624.0823729917414,0.0,544.2708333333333,0.0,95000.0,353,71.0
486220746046,62007,1,6.875,6.875,95000.0,93934.6,360,102006,122006,353.0,54,12.0,644.0,0,0,4,1,0,39460,342,0,0,0,0,0,4,0,4.6,3.6,2.7,624.0823729917414,1065.3999999999942,544.2708333333333,985.588460341586,95000.0,352,71.0
486220746046,72007,1,6.875,6.875,95000.0,93768.86,360,102006,122006,351.0,54,12.0,644.0,0,0,4,1,0,39460,342,0,0,0,0,0,4,0,4.6,3.6,2.4,624.0823729917414,165.74000000000524,544.2708333333333,85.92846034159709,93934.6,351,71.0
486220746046,82007,1,6.875,6.875,95000.0,93768.86,360,102006,122006,351.0,54,12.0,644.0,0,0,4,1,0,39460,342,0,0,0,0,0,4,0,4.6,3.6,2.0,624.0823729917414,0.0,544.2708333333333,0.0,93768.86,350,71.0
623654592949,82009,1,5.875,5.875,188000.0,182222.7,360,22007,42007,332.0,62,23.0,655.0,0,0,4,1,1,33700,953,0,1,0,0,0,4,0,9.3,3.5,-1.5,1112.0909947660728,0.0,920.4166666666669,0.0,182222.7,330,109.0
623654592949,92009,1,5.875,5.875,188000.0,182222.7,360,22007,42007,332.0,62,23.0,655.0,0,0,4,1,1,33700,953,0,2,0,0,0,4,0,9.3,3.5,-1.3,1112.0909947660728,0.0,920.4166666666669,0.0,182222.7,329,109.0
623654592949,102009,1,5.875,5.875,188000.0,182002.74,360,22007,42007,331.0,62,23.0,655.0,0,0,4,1,1,33700,953,0,2,0,0,0,4,0,9.3,3.5,-0.2,1112.0909947660728,219.96000000002093,920.4166666666669,28.285671900614943,182222.7,328,109.0
623654592949,112009,1,5.875,5.875,188000.0,181781.71,360,22007,42007,330.0,62,23.0,655.0,0,0,4,1,1,33700,953,0,2,0,0,0,4,0,9.3,3.5,1.8,1112.0909947660728,221.02999999999884,920.4166666666669,29.355671900592824,182002.74,327,109.0
623654592949,122009,1,5.875,5.875,188000.0,181559.59,360,22007,42007,329.0,62,23.0,655.0,0,0,4,1,1,33700,953,0,2,0,0,0,4,0,9.3,3.5,2.7,1112.0909947660728,222.1199999999953,920.4166666666669,30.44567190058933,181781.71,326,109.0
623654592949,12010,1,5.875,5.875,188000.0,181336.39,360,22007,42007,328.0,62,23.0,655.0,0,0,4,1,1,33700,953,0,2,0,0,0,4,0,9.6,3.6,2.6,1112.0909947660728,223.1999999999825,920.4166666666669,31.525671900576526,181559.59,325,109.0
623654592949,22010,1,5.875,5.875,188000.0,180660.19,360,22007,42007,325.0,62,23.0,655.0,0,0,4,1,1,33700,953,0,0,0,0,0,4,0,9.6,3.6,2.1,1112.0909947660728,676.2000000000116,920.4166666666669,484.5256719006056,181336.39,324,109.0
623654592949,32010,1,5.875,5.875,188000.0,181336.39,360,22007,42007,328.0,62,23.0,655.0,0,0,4,1,1,33700,953,0,4,0,0,0,4,0,9.6,3.6,2.3,1112.0909947660728,-676.2000000000116,920.4166666666669,0.0,180660.19,323,109.0
623654592949,42010,1,5.875,5.875,188000.0,181336.39,360,22007,42007,328.0,62,23.0,655.0,0,0,4,1,1,33700,953,0,5,0,0,0,4,0,9.6,3.6,2.2,1112.0909947660728,0.0,920.4166666666669,0.0,181336.39,322,109.0
875188285973,22008,2,5.75,5.75,188000.0,188000.0,120,12008,32008,119.0,80,17.0,654.0,0,0,4,1,1,33460,550,0,0,0,0,0,4,0,5.8,3.5,4.0,2063.6613373028667,0.0,900.8333333333331,0.0,188000.0,119,96.0
875188285973,32008,2,5.75,5.75,188000.0,188000.0,120,12008,32008,119.0,80,17.0,654.0,0,0,4,1,1,33460,550,0,0,0,0,0,4,0,5.8,3.5,4.0,2063.6613373028667,0.0,900.8333333333331,0.0,188000.0,118,96.0
875188285973,42008,2,5.75,5.75,188000.0,188000.0,120,12008,32008,118.0,80,17.0,654.0,0,0,4,1,1,33460,550,0,0,0,0,0,4,0,5.8,3.5,3.9,2063.6613373028667,0.0,900.8333333333331,0.0,188000.0,117,96.0
875188285973,52008,2,5.75,5.75,188000.0,188000.0,120,12008,32008,116.0,80,17.0,654.0,0,0,4,1,1,33460,550,0,0,0,0,0,4,0,5.8,3.5,4.2,2063.6613373028667,0.0,900.8333333333331,0.0,188000.0,116,96.0
875188285973,62008,2,5.75,5.75,188000.0,188000.0,120,12008,32008,113.0,80,17.0,654.0,0,0,4,1,1,33460,550,0,0,0,0,0,4,0,5.8,3.5,5.0,2063.6613373028667,0.0,900.8333333333331,0.0,188000.0,115,96.0
875188285973,72008,2,5.75,5.75,188000.0,188000.0,120,12008,32008,112.0,80,17.0,654.0,0,0,4,1,1,33460,550,0,0,0,0,0,4,0,5.8,3.5,5.6,2063.6613373028667,0.0,900.8333333333331,0.0,188000.0,114,96.0
875188285973,82008,2,5.75,5.75,188000.0,176094.25,120,12008,32008,110.0,80,17.0,654.0,0,0,4,1,1,33460,550,0,0,0,0,0,4,0,5.8,3.5,5.4,2063.6613373028667,11905.75,900.8333333333331,10742.921996030467,188000.0,113,96.0
875188285973,92008,2,5.75,5.75,188000.0,174207.63,120,12008,32008,109.0,80,17.0,654.0,0,0,4,1,1,33460,550,0,0,0,0,0,4,0,5.8,3.5,4.9,2063.6613373028667,1886.619999999996,900.8333333333331,723.7919960304619,176094.25,112,96.0
875188285973,102008,2,5.75,5.75,188000.0,172311.96,120,12008,32008,107.0,80,17.0,654.0,0,0,4,1,1,33460,550,0,0,0,0,0,4,0,5.8,3.5,3.7,2063.6613373028667,1895.6700000000128,900.8333333333331,732.8419960304793,174207.63,111,96.0
473526161683,42008,2,5.375,5.375,64000.0,64000.0,120,32008,52008,120.0,50,47.0,651.0,0,2,4,1,1,22220,727,0,0,0,0,0,4,0,5.8,3.5,3.9,690.6108314357692,0.0,286.6666666666667,0.0,64000.0,119,113.0
473526161683,52008,2,5.375,5.375,64000.0,64000.0,120,32008,52008,119.0,50,47.0,651.0,0,2,4,1,1,22220,727,0,0,0,0,0,4,0,5.8,3.5,4.2,690.6108314357692,0.0,286.6666666666667,0.0,64000.0,118,113.0
473526161683,62008,2,5.375,5.375,64000.0,64000.0,120,32008,52008,118.0,50,47.0,651.0,0,2,4,1,1,22220,727,0,0,0,0,0,4,0,5.8,3.5,5.0,690.6108314357692,0.0,286.6666666666667,0.0,64000.0,117,113.0
473526161683,72008,2,5.375,5.375,64000.0,64000.0,120,32008,52008,117.0,50,47.0,651.0,0,2,4,1,1,22220,727,0,0,0,0,0,4,0,5.8,3.5,5.6,690.6108314357692,0.0,286.6666666666667,0.0,64000.0,116,113.0
473526161683,82008,2,5.375,5.375,64000.0,64000.0,120,32008,52008,116.0,50,47.0,651.0,0,2,4,1,1,22220,727,0,0,0,0,0,4,0,5.8,3.5,5.4,690.6108314357692,0.0,286.6666666666667,0.0,64000.0,115,113.0
473526161683,92008,2,5.375,5.375,64000.0,64000.0,120,32008,52008,115.0,50,47.0,651.0,0,2,4,1,1,22220,727,0,0,0,0,0,4,0,5.8,3.5,4.9,690.6108314357692,0.0,286.6666666666667,0.0,64000.0,114,113.0
473526161683,102008,2,5.375,5.375,64000.0,61549.04,120,32008,52008,114.0,50,47.0,651.0,0,2,4,1,1,22220,727,0,0,0,0,0,4,0,5.8,3.5,3.7,690.6108314357692,2450.959999999999,286.6666666666667,2047.0158352308963,64000.0,113,113.0
473526161683,112008,2,5.375,5.375,64000.0,61134.12,120,32008,52008,113.0,50,47.0,651.0,0,2,4,1,1,22220,727,0,0,0,0,0,4,0,5.8,3.5,1.1,690.6108314357692,414.9199999999983,286.6666666666667,10.975835230895711,61549.04,112,113.0
473526161683,122008,2,5.375,5.375,64000.0,60717.34,120,32008,52008,112.0,50,47.0,651.0,0,2,4,1,1,22220,727,0,0,0,0,0,4,0,5.8,3.5,0.1,690.6108314357692,416.7800000000061,286.6666666666667,12.83583523090357,61134.12,111,113.0
564121262790,52008,2,5.125,5.125,146000.0,146000.0,120,42008,62008,119.0,70,32.0,624.0,0,0,3,1,1,12420,786,0,0,0,0,0,4,0,5.8,3.5,4.2,1557.492346858243,0.0,623.5416666666666,0.0,146000.0,119,79.0
564121262790,62008,2,5.125,5.125,146000.0,146000.0,120,42008,62008,117.0,70,32.0,624.0,0,0,3,1,1,12420,786,0,0,0,0,0,4,0,5.8,3.5,5.0,1557.492346858243,0.0,623.5416666666666,0.0,146000.0,118,79.0
564121262790,72008,2,5.125,5.125,146000.0,146000.0,120,42008,62008,116.0,70,32.0,624.0,0,0,3,1,1,12420,786,0,0,0,0,0,4,0,5.8,3.5,5.6,1557.492346858243,0.0,623.5416666666666,0.0,146000.0,117,79.0
564121262790,82008,2,5.125,5.125,146000.0,146000.0,120,42008,62008,114.0,70,32.0,624.0,0,0,3,1,1,12420,786,0,0,0,0,0,4,0,5.8,3.5,5.4,1557.492346858243,0.0,623.5416666666666,0.0,146000.0,116,79.0
564121262790,92008,2,5.125,5.125,146000.0,146000.0,120,42008,62008,113.0,70,32.0,624.0,0,0,3,1,1,12420,786,0,0,0,0,0,4,0,5.8,3.5,4.9,1557.492346858243,0.0,623.5416666666666,0.0,146000.0,115,79.0
564121262790,102008,2,5.125,5.125,146000.0,146000.0,120,42008,62008,111.0,70,32.0,624.0,0,0,3,1,1,12420,786,0,0,0,0,0,4,0,5.8,3.5,3.7,1557.492346858243,0.0,623.5416666666666,0.0,146000.0,114,79.0
564121262790,112008,2,5.125,5.125,146000.0,136171.26,120,42008,62008,110.0,70,32.0,624.0,0,0,3,1,1,12420,786,0,0,0,0,0,4,0,5.8,3.5,1.1,1557.492346858243,9828.73999999999,623.5416666666666,8894.789319808413,146000.0,113,79.0
564121262790,122008,2,5.125,5.125,146000.0,134743.06,120,42008,62008,108.0,70,32.0,624.0,0,0,3,1,1,12420,786,0,0,0,0,0,4,0,5.8,3.5,0.1,1557.492346858243,1428.2000000000116,623.5416666666666,494.2493198084352,136171.26,112,79.0
564121262790,12009,2,5.125,5.125,146000.0,133308.77,120,42008,62008,107.0,70,32.0,624.0,0,0,3,1,1,12420,786,0,0,0,0,0,4,0,9.3,3.5,0.0,1557.492346858243,1434.290000000008,623.5416666666666,500.3393198084317,134743.06,111,79.0
415630185488,102008,2,6.125,6.125,117000.0,117000.0,180,92008,112008,180.0,80,43.0,644.0,0,1,4,2,1,28660,765,0,0,0,0,0,4,0,5.8,3.5,3.7,995.231234575068,0.0,597.1875,0.0,117000.0,179,90.0
415630185488,112008,2,6.125,6.125,117000.0,117000.0,180,92008,112008,177.0,80,43.0,644.0,0,1,4,2,1,28660,765,0,0,0,0,0,4,0,5.8,3.5,1.1,995.231234575068,0.0,597.1875,0.0,117000.0,178,90.0
415630185488,122008,2,6.125,6.125,117000.0,117000.0,180,92008,112008,175.0,80,43.0,644.0,0,1,4,2,1,28660,765,0,0,0,0,0,4,0,5.8,3.5,0.1,995.231234575068,0.0,597.1875,0.0,117000.0,177,90.0
415630185488,12009,2,6.125,6.125,117000.0,117000.0,180,92008,112008,174.0,80,43.0,644.0,0,1,4,2,1,28660,765,0,0,0,0,0,4,0,9.3,3.5,0.0,995.231234575068,0.0,597.1875,0.0,117000.0,176,90.0
415630185488,22009,2,6.125,6.125,117000.0,117000.0,180,92008,112008,152.0,80,43.0,644.0,0,1,4,2,1,28660,765,0,0,0,0,0,4,0,9.3,3.5,0.2,995.231234575068,0.0,597.1875,0.0,117000.0,175,90.0
415630185488,32009,2,6.125,6.125,117000.0,117000.0,180,92008,112008,149.0,80,43.0,644.0,0,1,4,2,1,28660,765,0,0,0,0,0,4,0,9.3,3.5,-0.4,995.231234575068,0.0,597.1875,0.0,117000.0,174,90.0
415630185488,42009,2,6.125,6.125,117000.0,101504.49,180,92008,112008,145.0,80,43.0,644.0,0,1,4,2,1,28660,765,0,0,0,0,0,4,0,9.3,3.5,-0.7,995.231234575068,15495.509999999997,597.1875,15097.466265424926,117000.0,173,90.0
415630185488,52009,2,6.125,6.125,117000.0,99529.06,180,92008,112008,141.0,80,43.0,644.0,0,1,4,2,1,28660,765,0,0,0,0,0,4,0,9.3,3.5,-1.3,995.231234575068,1975.430000000008,597.1875,1577.3862654249397,101504.49,172,90.0
415630185488,62009,2,6.125,6.125,117000.0,97543.54,180,92008,112008,137.0,80,43.0,644.0,0,1,4,2,1,28660,765,0,0,0,0,0,4,0,9.3,3.5,-1.4,995.231234575068,1985.520000000004,597.1875,1587.4762654249362,99529.06,171,90.0
566648008694,102008,2,6.0,6.0,128000.0,128000.0,180,92008,112008,180.0,80,54.0,656.0,0,0,4,1,1,16740,281,0,0,0,0,0,4,0,5.8,3.5,3.7,1080.136739902032,0.0,640.0,0.0,128000.0,179,82.0
566648008694,112008,2,6.0,6.0,128000.0,128000.0,180,92008,112008,179.0,80,54.0,656.0,0,0,4,1,1,16740,281,0,0,0,0,0,4,0,5.8,3.5,1.1,1080.136739902032,0.0,640.0,0.0,128000.0,178,82.0
566648008694,122008,2,6.0,6.0,128000.0,128000.0,180,92008,112008,178.0,80,54.0,656.0,0,0,4,1,1,16740,281,0,0,0,0,0,4,0,5.8,3.5,0.1,1080.136739902032,0.0,640.0,0.0,128000.0,177,82.0
566648008694,12009,2,6.0,6.0,128000.0,128000.0,180,92008,112008,177.0,80,54.0,656.0,0,0,4,1,1,16740,281,0,0,0,0,0,4,0,9.3,3.5,0.0,1080.136739902032,0.0,640.0,0.0,128000.0,176,82.0
566648008694,22009,2,6.0,6.0,128000.0,128000.0,180,92008,112008,176.0,80,54.0,656.0,0,0,4,1,1,16740,281,0,0,0,0,0,4,0,9.3,3.5,0.2,1080.136739902032,0.0,640.0,0.0,128000.0,175,82.0
566648008694,32009,2,6.0,6.0,128000.0,128000.0,180,92008,112008,175.0,80,54.0,656.0,0,0,4,1,1,16740,281,0,0,0,0,0,4,0,9.3,3.5,-0.4,1080.136739902032,0.0,640.0,0.0,128000.0,174,82.0
566648008694,42009,2,6.0,6.0,128000.0,125325.93,180,92008,112008,174.0,80,54.0,656.0,0,0,4,1,1,16740,281,0,0,0,0,0,4,0,9.3,3.5,-0.7,1080.136739902032,2674.070000000007,640.0,2233.933260097975,128000.0,173,82.0
566648008694,52009,2,6.0,6.0,128000.0,124872.42,180,92008,112008,173.0,80,54.0,656.0,0,0,4,1,1,16740,281,0,0,0,0,0,4,0,9.3,3.5,-1.3,1080.136739902032,453.5099999999948,640.0,13.373260097962884,125325.93,172,82.0
566648008694,62009,2,6.0,6.0,128000.0,124416.64,180,92008,112008,172.0,80,54.0,656.0,0,0,4,1,1,16740,281,0,0,0,0,0,4,0,9.3,3.5,-1.4,1080.136739902032,455.7799999999989,640.0,15.64326009796696,124872.42,171,82.0
556723621298,12010,2,4.875,4.875,85000.0,85000.0,180,122009,22010,180.0,79,40.0,644.0,0,2,4,1,1,0,259,0,0,0,0,0,4,0,9.6,3.6,2.6,666.652815760563,0.0,345.3125,0.0,85000.0,179,156.0
556723621298,22010,2,4.875,4.875,85000.0,85000.0,180,122009,22010,179.0,79,40.0,644.0,0,2,4,1,1,0,259,0,0,0,0,0,4,0,9.6,3.6,2.1,666.652815760563,0.0,345.3125,0.0,85000.0,178,156.0
556723621298,32010,2,4.875,4.875,85000.0,85000.0,180,122009,22010,178.0,79,40.0,644.0,0,2,4,1,1,0,259,0,0,0,0,0,4,0,9.6,3.6,2.3,666.652815760563,0.0,345.3125,0.0,85000.0,177,156.0
556723621298,42010,2,4.875,4.875,85000.0,85000.0,180,122009,22010,177.0,79,40.0,644.0,0,2,4,1,1,0,259,0,0,0,0,0,4,0,9.6,3.6,2.2,666.652815760563,0.0,345.3125,0.0,85000.0,176,156.0
556723621298,52010,2,4.875,4.875,85000.0,85000.0,180,122009,22010,176.0,79,40.0,644.0,0,2,4,1,1,0,259,0,0,0,0,0,4,0,9.6,3.6,2.0,666.652815760563,0.0,345.3125,0.0,85000.0,175,156.0
556723621298,62010,2,4.875,4.875,85000.0,85000.0,180,122009,22010,175.0,79,40.0,644.0,0,2,4,1,1,0,259,0,0,0,0,0,4,0,9.6,3.6,1.1,666.652815760563,0.0,345.3125,0.0,85000.0,174,156.0
556723621298,72010,2,4.875,4.875,85000.0,83052.29,180,122009,22010,174.0,79,40.0,644.0,0,2,4,1,1,0,259,0,0,0,0,0,4,0,9.6,3.6,1.2,666.652815760563,1947.7100000000064,345.3125,1626.3696842394434,85000.0,173,156.0
556723621298,82010,2,4.875,4.875,85000.0,82723.04,180,122009,22010,173.0,79,40.0,644.0,0,2,4,1,1,0,259,0,0,0,0,0,4,0,9.6,3.6,1.1,666.652815760563,329.25,345.3125,7.909684239436956,83052.29,172,156.0
556723621298,92010,2,4.875,4.875,85000.0,82392.45,180,122009,22010,172.0,79,40.0,644.0,0,2,4,1,1,0,259,0,0,0,0,0,4,0,9.6,3.6,1.1,666.652815760563,330.5899999999965,345.3125,9.249684239433464,82723.04,171,156.0
899760464892,12010,1,5.875,5.875,56000.0,56000.0,360,122009,22010,354.0,75,30.0,627.0,0,1,4,1,1,37980,191,0,0,0,0,0,4,0,9.6,3.6,2.6,331.26114737712805,0.0,274.1666666666667,0.0,56000.0,359,156.0
899760464892,22010,1,5.875,5.875,56000.0,56000.0,360,122009,22010,353.0,75,30.0,627.0,0,1,4,1,1,37980,191,0,0,0,0,0,4,0,9.6,3.6,2.1,331.26114737712805,0.0,274.1666666666667,0.0,56000.0,358,156.0
899760464892,32010,1,5.875,5.875,56000.0,56000.0,360,122009,22010,352.0,75,30.0,627.0,0,1,4,1,1,37980,191,0,0,0,0,0,4,0,9.6,3.6,2.3,331.26114737712805,0.0,274.1666666666667,0.0,56000.0,357,156.0
899760464892,42010,1,5.875,5.875,56000.0,56000.0,360,122009,22010,351.0,75,30.0,627.0,0,1,4,1,1,37980,191,0,0,0,0,0,4,0,9.6,3.6,2.2,331.26114737712805,0.0,274.1666666666667,0.0,56000.0,356,156.0
899760464892,52010,1,5.875,5.875,56000.0,56000.0,360,122009,22010,350.0,75,30.0,627.0,0,1,4,1,1,37980,191,0,0,0,0,0,4,0,9.6,3.6,2.0,331.26114737712805,0.0,274.1666666666667,0.0,56000.0,355,156.0
899760464892,62010,1,5.875,5.875,56000.0,56000.0,360,122009,22010,349.0,75,30.0,627.0,0,1,4,1,1,37980,191,0,0,0,0,0,4,0,9.6,3.6,1.1,331.26114737712805,0.0,274.1666666666667,0.0,56000.0,354,156.0
899760464892,72010,1,5.875,5.875,56000.0,55461.95,360,122009,22010,347.0,75,30.0,627.0,0,1,4,1,1,37980,191,0,0,0,0,0,4,0,9.6,3.6,1.2,331.26114737712805,538.0500000000029,274.1666666666667,480.9555192895416,56000.0,353,156.0
899760464892,82010,1,5.875,5.875,56000.0,55400.74,360,122009,22010,346.0,75,30.0,627.0,0,1,4,1,1,37980,191,0,0,0,0,0,4,0,9.6,3.6,1.1,331.26114737712805,61.20999999999913,274.1666666666667,4.115519289537758,55461.95,352,156.0
899760464892,92010,1,5.875,5.875,56000.0,55339.23,360,122009,22010,345.0,75,30.0,627.0,0,1,4,1,1,37980,191,0,0,0,0,0,4,0,9.6,3.6,1.1,331.26114737712805,61.50999999999476,274.1666666666667,4.415519289533393,55400.74,351,156.0
899778729945,32010,2,4.5,4.5,112000.0,112000.0,180,12010,42010,179.0,29,38.0,643.0,0,0,4,1,1,35620,117,0,0,0,0,0,4,0,9.6,3.6,2.3,856.7924834710788,0.0,420.0,0.0,112000.0,178,154.0
899778729945,42010,2,4.5,4.5,112000.0,112000.0,180,12010,42010,178.0,29,38.0,643.0,0,0,4,1,1,35620,117,0,0,0,0,0,4,0,9.6,3.6,2.2,856.7924834710788,0.0,420.0,0.0,112000.0,177,154.0
899778729945,52010,2,4.5,4.5,112000.0,112000.0,180,12010,42010,177.0,29,38.0,643.0,0,0,4,1,1,35620,117,0,0,0,0,0,4,0,9.6,3.6,2.0,856.7924834710788,0.0,420.0,0.0,112000.0,176,154.0
899778729945,62010,2,4.5,4.5,112000.0,112000.0,180,12010,42010,176.0,29,38.0,643.0,0,0,4,1,1,35620,117,0,0,0,0,0,4,0,9.6,3.6,1.1,856.7924834710788,0.0,420.0,0.0,112000.0,175,154.0
899778729945,72010,2,4.5,4.5,112000.0,112000.0,180,12010,42010,175.0,29,38.0,643.0,0,0,4,1,1,35620,117,0,0,0,0,0,4,0,9.6,3.6,1.2,856.7924834710788,0.0,420.0,0.0,112000.0,174,154.0
899778729945,82010,2,4.5,4.5,112000.0,112000.0,180,12010,42010,174.0,29,38.0,643.0,0,0,4,1,1,35620,117,0,0,0,0,0,4,0,9.6,3.6,1.1,856.7924834710788,0.0,420.0,0.0,112000.0,173,154.0
899778729945,92010,2,4.5,4.5,112000.0,108907.79,180,12010,42010,173.0,29,38.0,643.0,0,0,4,1,1,35620,117,0,0,0,0,0,4,0,9.6,3.6,1.1,856.7924834710788,3092.2100000000064,420.0,2655.4175165289275,112000.0,172,154.0
899778729945,102010,2,4.5,4.5,112000.0,108459.39,180,12010,42010,172.0,29,38.0,643.0,0,0,4,1,1,35620,117,0,0,0,0,0,4,0,9.6,3.6,1.2,856.7924834710788,448.3999999999942,420.0,11.607516528915426,108907.79,171,154.0
899778729945,112010,2,4.5,4.5,112000.0,108009.31,180,12010,42010,171.0,29,38.0,643.0,0,0,4,1,1,35620,117,0,0,0,0,0,4,0,9.6,3.6,1.1,856.7924834710788,450.08000000000175,420.0,13.287516528922993,108459.39,170,154.0
157101659767,82011,2,4.625,4.625,79000.0,79000.0,120,72011,92011,120.0,75,25.0,658.0,0,0,4,1,1,31180,794,0,0,0,0,0,4,0,8.9,3.6,3.8,823.5119581213739,0.0,304.4791666666667,0.0,79000.0,119,104.0
157101659767,92011,2,4.625,4.625,79000.0,79000.0,120,72011,92011,119.0,75,25.0,658.0,0,0,4,1,1,31180,794,0,0,0,0,0,4,0,8.9,3.6,3.9,823.5119581213739,0.0,304.4791666666667,0.0,79000.0,118,104.0
157101659767,102011,2,4.625,4.625,79000.0,79000.0,120,72011,92011,118.0,75,25.0,658.0,0,0,4,1,1,31180,794,0,0,0,0,0,4,0,8.9,3.6,3.5,823.5119581213739,0.0,304.4791666666667,0.0,79000.0,117,104.0
157101659767,112011,2,4.625,4.625,79000.0,79000.0,120,72011,92011,117.0,75,25.0,658.0,0,0,4,1,1,31180,794,0,0,0,0,0,4,0,8.9,3.6,3.4,823.5119581213739,0.0,304.4791666666667,0.0,79000.0,116,104.0
157101659767,122011,2,4.625,4.625,79000.0,79000.0,120,72011,92011,116.0,75,25.0,658.0,0,0,4,1,1,31180,794,0,0,0,0,0,4,0,8.9,3.6,3.0,823.5119581213739,0.0,304.4791666666667,0.0,79000.0,115,104.0
157101659767,12012,2,4.625,4.625,79000.0,79000.0,120,72011,92011,115.0,75,25.0,658.0,0,0,4,1,1,31180,794,0,0,0,0,0,4,0,8.1,3.4,2.9,823.5119581213739,0.0,304.4791666666667,0.0,79000.0,114,104.0
157101659767,22012,2,4.625,4.625,79000.0,75615.57,120,72011,92011,114.0,75,25.0,658.0,0,0,4,1,1,31180,794,0,0,0,0,0,4,0,8.1,3.4,2.9,823.5119581213739,3384.429999999993,304.4791666666667,2865.3972085452856,79000.0,113,104.0
157101659767,32012,2,4.625,4.625,79000.0,75086.1,120,72011,92011,113.0,75,25.0,658.0,0,0,4,1,1,31180,794,0,0,0,0,0,4,0,8.1,3.4,2.7,823.5119581213739,529.4700000000012,304.4791666666667,10.437208545293911,75615.57,112,104.0
157101659767,42012,2,4.625,4.625,79000.0,74554.58,120,72011,92011,112.0,75,25.0,658.0,0,0,4,1,1,31180,794,0,0,0,0,0,4,0,8.1,3.4,2.3,823.5119581213739,531.5200000000041,304.4791666666667,12.487208545296824,75086.1,111,104.0
100045397517,122011,0,4.875,4.875,201000.0,201000.0,360,122011,22012,360.0,70,35.0,647.0,0,2,4,1,1,0,833,0,0,0,0,0,4,0,8.9,3.6,3.0,1063.708529937152,0.0,816.5625,0.0,201000.0,360,131.0
100045397517,12012,0,4.875,4.875,201000.0,201000.0,360,122011,22012,359.0,70,35.0,647.0,0,2,4,1,1,0,833,0,0,0,0,0,4,0,8.1,3.4,2.9,1063.708529937152,0.0,816.5625,0.0,201000.0,359,131.0
100045397517,22012,0,4.875,4.875,201000.0,201000.0,360,122011,22012,359.0,70,35.0,647.0,0,2,4,1,1,0,833,0,0,0,0,0,4,0,8.1,3.4,2.9,1063.708529937152,0.0,816.5625,0.0,201000.0,358,131.0
100045397517,32012,0,4.875,4.875,201000.0,201000.0,360,122011,22012,356.0,70,35.0,647.0,0,2,4,1,1,0,833,0,0,0,0,0,4,0,8.1,3.4,2.7,1063.708529937152,0.0,816.5625,0.0,201000.0,357,131.0
100045397517,42012,0,4.875,4.875,201000.0,201000.0,360,122011,22012,355.0,70,35.0,647.0,0,2,4,1,1,0,833,0,0,0,0,0,4,0,8.1,3.4,2.3,1063.708529937152,0.0,816.5625,0.0,201000.0,356,131.0
100045397517,52012,0,4.875,4.875,201000.0,201000.0,360,122011,22012,355.0,70,35.0,647.0,0,2,4,1,1,0,833,0,0,0,0,0,4,0,8.1,3.4,1.7,1063.708529937152,0.0,816.5625,0.0,201000.0,355,131.0
100045397517,62012,0,4.875,4.875,201000.0,198893.11,360,122011,22012,354.0,70,35.0,647.0,0,2,4,1,1,0,833,0,0,0,0,0,4,0,8.1,3.4,1.7,1063.708529937152,2106.890000000014,816.5625,1859.743970062862,201000.0,354,131.0
100045397517,72012,0,4.875,4.875,201000.0,198385.97,360,122011,22012,352.0,70,35.0,647.0,0,2,4,1,1,0,833,0,0,0,0,0,4,0,8.1,3.4,1.4,1063.708529937152,507.13999999998487,816.5625,259.9939700628329,198893.11,353,131.0
100045397517,82012,0,4.875,4.875,201000.0,198385.97,360,122011,22012,352.0,70,35.0,647.0,0,2,4,1,1,0,833,0,0,0,0,0,4,0,8.1,3.4,1.7,1063.708529937152,0.0,816.5625,0.0,198385.97,352,131.0
304407904229,102011,1,3.875,3.875,90000.0,90000.0,180,92011,112011,179.0,52,36.0,641.0,0,2,4,1,1,19820,483,0,0,0,0,0,4,0,8.9,3.6,3.5,660.0955696947631,0.0,290.625,0.0,90000.0,179,106.0
304407904229,112011,1,3.875,3.875,90000.0,90000.0,180,92011,112011,179.0,52,36.0,641.0,0,2,4,1,1,19820,483,0,0,0,0,0,4,0,8.9,3.6,3.4,660.0955696947631,0.0,290.625,0.0,90000.0,178,106.0
304407904229,122011,1,3.875,3.875,90000.0,90000.0,180,92011,112011,177.0,52,36.0,641.0,0,2,4,1,1,19820,483,0,0,0,0,0,4,0,8.9,3.6,3.0,660.0955696947631,0.0,290.625,0.0,90000.0,177,106.0
304407904229,12012,1,3.875,3.875,90000.0,90000.0,180,92011,112011,176.0,52,36.0,641.0,0,2,4,1,1,19820,483,0,0,0,0,0,4,0,8.1,3.4,2.9,660.0955696947631,0.0,290.625,0.0,90000.0,176,106.0
304407904229,22012,1,3.875,3.875,90000.0,90000.0,180,92011,112011,175.0,52,36.0,641.0,0,2,4,1,1,19820,483,0,0,0,0,0,4,0,8.1,3.4,2.9,660.0955696947631,0.0,290.625,0.0,90000.0,175,106.0
304407904229,32012,1,3.875,3.875,90000.0,90000.0,180,92011,112011,174.0,52,36.0,641.0,0,2,4,1,1,19820,483,0,0,0,0,0,4,0,8.1,3.4,2.7,660.0955696947631,0.0,290.625,0.0,90000.0,174,106.0
304407904229,42012,1,3.875,3.875,90000.0,87105.67,180,92011,112011,173.0,52,36.0,641.0,0,2,4,1,1,19820,483,0,0,0,0,0,4,0,8.1,3.4,2.3,660.0955696947631,2894.3300000000017,290.625,2524.8594303052387,90000.0,173,106.0
304407904229,52012,1,3.875,3.875,90000.0,86686.84,180,92011,112011,172.0,52,36.0,641.0,0,2,4,1,1,19820,483,0,0,0,0,0,4,0,8.1,3.4,1.7,660.0955696947631,418.83000000000175,290.625,49.35943030523868,87105.67,172,106.0
304407904229,62012,1,3.875,3.875,90000.0,86686.84,180,92011,112011,172.0,52,36.0,641.0,0,2,4,1,1,19820,483,0,0,0,0,0,4,0,8.1,3.4,1.7,660.0955696947631,0.0,290.625,0.0,86686.84,171,106.0
585229066401,32012,2,3.625,3.625,50000.0,50000.0,120,122011,22012,118.0,70,12.0,658.0,0,0,4,1,1,0,393,0,0,0,0,0,4,0,8.1,3.4,2.7,497.3624463816437,0.0,151.04166666666666,0.0,50000.0,117,46.0
585229066401,42012,2,3.625,3.625,50000.0,50000.0,120,122011,22012,117.0,70,12.0,658.0,0,0,4,1,1,0,393,0,0,0,0,0,4,0,8.1,3.4,2.3,497.3624463816437,0.0,151.04166666666666,0.0,50000.0,116,46.0
585229066401,52012,2,3.625,3.625,50000.0,50000.0,120,122011,22012,115.0,70,12.0,658.0,0,0,4,1,1,0,393,0,0,0,0,0,4,0,8.1,3.4,1.7,497.3624463816437,0.0,151.04166666666666,0.0,50000.0,115,46.0
585229066401,62012,2,3.625,3.625,50000.0,50000.0,120,122011,22012,114.0,70,12.0,658.0,0,0,4,1,1,0,393,0,0,0,0,0,4,0,8.1,3.4,1.7,497.3624463816437,0.0,151.04166666666666,0.0,50000.0,114,46.0
585229066401,72012,2,3.625,3.625,50000.0,50000.0,120,122011,22012,113.0,70,12.0,658.0,0,0,4,1,1,0,393,0,0,0,0,0,4,0,8.1,3.4,1.4,497.3624463816437,0.0,151.04166666666666,0.0,50000.0,113,46.0
585229066401,82012,2,3.625,3.625,50000.0,50000.0,120,122011,22012,112.0,70,12.0,658.0,0,0,4,1,1,0,393,0,0,0,0,0,4,0,8.1,3.4,1.7,497.3624463816437,0.0,151.04166666666666,0.0,50000.0,112,46.0
585229066401,92012,2,3.625,3.625,50000.0,46391.38,120,122011,22012,110.0,70,12.0,658.0,0,0,4,1,1,0,393,0,0,0,0,0,4,0,8.1,3.4,2.0,497.3624463816437,3608.6200000000026,151.04166666666666,3262.299220285025,50000.0,111,46.0
585229066401,102012,2,3.625,3.625,50000.0,45934.15,120,122011,22012,109.0,70,12.0,658.0,0,0,4,1,1,0,393,0,0,0,0,0,4,0,8.1,3.4,2.2,497.3624463816437,457.2299999999959,151.04166666666666,110.9092202850189,46391.38,110,46.0
585229066401,112012,2,3.625,3.625,50000.0,45475.54,120,122011,22012,108.0,70,12.0,658.0,0,0,4,1,1,0,393,0,0,0,0,0,4,0,8.1,3.4,1.8,497.3624463816437,458.6100000000006,151.04166666666666,112.28922028502356,45934.15,109,46.0
661977541999,112012,2,2.75,2.75,204000.0,204000.0,180,102012,122012,180.0,76,27.0,638.0,0,2,4,1,1,43780,465,0,0,0,0,0,4,0,8.1,3.4,1.8,1384.3881403490989,0.0,467.5,0.0,204000.0,179,122.0
661977541999,122012,2,2.75,2.75,204000.0,204000.0,180,102012,122012,179.0,76,27.0,638.0,0,2,4,1,1,43780,465,0,0,0,0,0,4,0,8.1,3.4,1.7,1384.3881403490989,0.0,467.5,0.0,204000.0,178,122.0
661977541999,12013,2,2.75,2.75,204000.0,204000.0,180,102012,122012,178.0,76,27.0,638.0,0,2,4,1,1,43780,465,0,0,0,0,0,4,0,7.4,3.3,1.6,1384.3881403490989,0.0,467.5,0.0,204000.0,177,122.0
661977541999,22013,2,2.75,2.75,204000.0,204000.0,180,102012,122012,177.0,76,27.0,638.0,0,2,4,1,1,43780,465,0,0,0,0,0,4,0,7.4,3.3,2.0,1384.3881403490989,0.0,467.5,0.0,204000.0,176,122.0
661977541999,32013,2,2.75,2.75,204000.0,204000.0,180,102012,122012,176.0,76,27.0,638.0,0,2,4,1,1,43780,465,0,0,0,0,0,4,0,7.4,3.3,1.5,1384.3881403490989,0.0,467.5,0.0,204000.0,175,122.0
661977541999,42013,2,2.75,2.75,204000.0,204000.0,180,102012,122012,175.0,76,27.0,638.0,0,2,4,1,1,43780,465,0,0,0,0,0,4,0,7.4,3.3,1.1,1384.3881403490989,0.0,467.5,0.0,204000.0,174,122.0
661977541999,52013,2,2.75,2.75,204000.0,198467.05,180,102012,122012,174.0,76,27.0,638.0,0,2,4,1,1,43780,465,0,0,0,0,0,4,0,7.4,3.3,1.4,1384.3881403490989,5532.950000000012,467.5,4616.061859650913,204000.0,173,122.0
661977541999,62013,2,2.75,2.75,204000.0,197537.48,180,102012,122012,173.0,76,27.0,638.0,0,2,4,1,1,43780,465,0,0,0,0,0,4,0,7.4,3.3,1.8,1384.3881403490989,929.569999999978,467.5,12.681859650879003,198467.05,172,122.0
661977541999,72013,2,2.75,2.75,204000.0,196605.78,180,102012,122012,172.0,76,27.0,638.0,0,2,4,1,1,43780,465,0,0,0,0,0,4,0,7.4,3.3,2.0,1384.3881403490989,931.7000000000116,467.5,14.811859650912766,197537.48,171,122.0
103725619245,32013,1,2.875,2.875,112000.0,112000.0,180,22013,42013,180.0,48,21.0,649.0,0,2,4,1,1,27140,390,0,0,0,0,0,4,0,7.4,3.3,1.5,766.7360056165875,0.0,268.3333333333333,0.0,112000.0,179,118.0
103725619245,42013,1,2.875,2.875,112000.0,112000.0,180,22013,42013,179.0,48,21.0,649.0,0,2,4,1,1,27140,390,0,0,0,0,0,4,0,7.4,3.3,1.1,766.7360056165875,0.0,268.3333333333333,0.0,112000.0,178,118.0
103725619245,52013,1,2.875,2.875,112000.0,112000.0,180,22013,42013,178.0,48,21.0,649.0,0,2,4,1,1,27140,390,0,0,0,0,0,4,0,7.4,3.3,1.4,766.7360056165875,0.0,268.3333333333333,0.0,112000.0,177,118.0
103725619245,62013,1,2.875,2.875,112000.0,112000.0,180,22013,42013,177.0,48,21.0,649.0,0,2,4,1,1,27140,390,0,0,0,0,0,4,0,7.4,3.3,1.8,766.7360056165875,0.0,268.3333333333333,0.0,112000.0,176,118.0
103725619245,72013,1,2.875,2.875,112000.0,112000.0,180,22013,42013,176.0,48,21.0,649.0,0,2,4,1,1,27140,390,0,0,0,0,0,4,0,7.4,3.3,2.0,766.7360056165875,0.0,268.3333333333333,0.0,112000.0,175,118.0
103725619245,82013,1,2.875,2.875,112000.0,112000.0,180,22013,42013,175.0,48,21.0,649.0,0,2,4,1,1,27140,390,0,0,0,0,0,4,0,7.4,3.3,1.5,766.7360056165875,0.0,268.3333333333333,0.0,112000.0,174,118.0
103725619245,92013,1,2.875,2.875,112000.0,108924.64,180,22013,42013,174.0,48,21.0,649.0,0,2,4,1,1,27140,390,0,0,0,0,0,4,0,7.4,3.3,1.2,766.7360056165875,3075.3600000000006,268.3333333333333,2576.9573277167465,112000.0,173,118.0
103725619245,102013,1,2.875,2.875,112000.0,108316.42,180,22013,42013,172.0,48,21.0,649.0,0,2,4,1,1,27140,390,0,0,0,0,0,4,0,7.4,3.3,1.0,766.7360056165875,608.2200000000012,268.3333333333333,109.817327716747,108924.64,172,118.0
103725619245,112013,1,2.875,2.875,112000.0,107806.74,180,22013,42013,171.0,48,21.0,649.0,0,2,4,1,1,27140,390,0,0,0,0,0,4,0,7.4,3.3,1.2,766.7360056165875,509.679999999993,268.3333333333333,11.277327716738853,108316.42,171,118.0
611457669516,102014,2,3.5,3.5,132000.0,132000.0,180,92014,102014,178.0,85,44.0,650.0,0,2,4,1,1,16980,600,0,0,0,0,0,4,0,6.2,3.2,1.7,943.6449545729882,0.0,385.0,0.0,132000.0,179,99.0
611457669516,112014,2,3.5,3.5,132000.0,132000.0,180,92014,102014,177.0,85,44.0,650.0,0,2,4,1,1,16980,600,0,0,0,0,0,4,0,6.2,3.2,1.3,943.6449545729882,0.0,385.0,0.0,132000.0,178,99.0
611457669516,122014,2,3.5,3.5,132000.0,132000.0,180,92014,102014,175.0,85,44.0,650.0,0,2,4,1,1,16980,600,0,0,0,0,0,4,0,6.2,3.2,0.8,943.6449545729882,0.0,385.0,0.0,132000.0,177,99.0
611457669516,12015,2,3.5,3.5,132000.0,132000.0,180,92014,102014,174.0,85,44.0,650.0,0,2,4,1,1,16980,600,0,0,0,0,0,4,0,5.3,3.1,-0.1,943.6449545729882,0.0,385.0,0.0,132000.0,176,99.0
611457669516,22015,2,3.5,3.5,132000.0,132000.0,180,92014,102014,173.0,85,44.0,650.0,0,2,4,1,1,16980,600,0,0,0,0,0,4,0,5.3,3.1,0.0,943.6449545729882,0.0,385.0,0.0,132000.0,175,99.0
611457669516,32015,2,3.5,3.5,132000.0,132000.0,180,92014,102014,173.0,85,44.0,650.0,0,2,4,1,1,16980,600,0,0,0,0,0,4,0,5.3,3.1,-0.1,943.6449545729882,0.0,385.0,0.0,132000.0,174,99.0
611457669516,42015,2,3.5,3.5,132000.0,127161.57,180,92014,102014,172.0,85,44.0,650.0,0,2,4,1,1,16980,600,0,0,0,0,0,4,0,5.3,3.1,-0.2,943.6449545729882,4838.429999999993,385.0,4279.785045427005,132000.0,173,99.0
611457669516,52015,2,3.5,3.5,132000.0,126590.96,180,92014,102014,171.0,85,44.0,650.0,0,2,4,1,1,16980,600,0,0,0,0,0,4,0,5.3,3.1,0.0,943.6449545729882,570.6100000000006,385.0,11.965045427012342,127161.57,172,99.0
611457669516,62015,2,3.5,3.5,132000.0,126018.68,180,92014,102014,170.0,85,44.0,650.0,0,2,4,1,1,16980,600,0,0,0,0,0,4,0,5.3,3.1,0.1,943.6449545729882,572.2800000000134,385.0,13.635045427025148,126590.96,171,99.0
136801565124,12016,2,4.5,4.5,142000.0,142000.0,300,112015,12016,298.0,90,42.0,650.0,0,2,3,1,1,36100,344,0,0,0,0,0,4,0,4.9,3.0,1.4,789.2821187060334,0.0,532.5,0.0,142000.0,298,84.0
136801565124,22016,2,4.5,4.5,142000.0,142000.0,300,112015,12016,297.0,90,42.0,650.0,0,2,3,1,1,36100,344,0,0,0,0,0,4,0,4.9,3.0,1.0,789.2821187060334,0.0,532.5,0.0,142000.0,297,84.0
136801565124,32016,2,4.5,4.5,142000.0,142000.0,300,112015,12016,296.0,90,42.0,650.0,0,2,3,1,1,36100,344,0,0,0,0,0,4,0,4.9,3.0,0.9,789.2821187060334,0.0,532.5,0.0,142000.0,296,84.0
136801565124,42016,2,4.5,4.5,142000.0,142000.0,300,112015,12016,295.0,90,42.0,650.0,0,2,3,1,1,36100,344,0,0,0,0,0,4,0,4.9,3.0,1.1,789.2821187060334,0.0,532.5,0.0,142000.0,295,84.0
136801565124,52016,2,4.5,4.5,142000.0,142000.0,300,112015,12016,294.0,90,42.0,650.0,0,2,3,1,1,36100,344,0,0,0,0,0,4,0,4.9,3.0,1.0,789.2821187060334,0.0,532.5,0.0,142000.0,294,84.0
136801565124,62016,2,4.5,4.5,142000.0,142000.0,300,112015,12016,291.0,90,42.0,650.0,0,2,3,1,1,36100,344,0,0,0,0,0,4,0,4.9,3.0,1.0,789.2821187060334,0.0,532.5,0.0,142000.0,293,84.0
136801565124,72016,2,4.5,4.5,142000.0,139723.22,300,112015,12016,290.0,90,42.0,650.0,0,2,3,1,1,36100,344,0,0,0,0,0,4,0,4.9,3.0,0.8,789.2821187060334,2276.779999999999,532.5,2019.9978812939653,142000.0,292,84.0
136801565124,82016,2,4.5,4.5,142000.0,139455.95,300,112015,12016,289.0,90,42.0,650.0,0,2,3,1,1,36100,344,0,0,0,0,0,4,0,4.9,3.0,1.1,789.2821187060334,267.2699999999895,532.5,10.487881293956091,139723.22,291,84.0
136801565124,92016,2,4.5,4.5,142000.0,139187.68,300,112015,12016,288.0,90,42.0,650.0,0,2,3,1,1,36100,344,0,0,0,0,0,4,0,4.9,3.0,1.5,789.2821187060334,268.2700000000186,532.5,11.487881293985197,139455.95,290,84.0
497867068785,52016,2,2.625,2.625,84000.0,84000.0,180,52016,72016,180.0,85,29.0,634.0,0,2,4,1,1,44100,627,0,0,0,0,0,4,0,4.9,3.0,1.0,565.0591377384732,0.0,183.75000000000003,0.0,84000.0,180,80.0
497867068785,62016,2,2.625,2.625,84000.0,84000.0,180,52016,72016,180.0,85,29.0,634.0,0,2,4,1,1,44100,627,0,0,0,0,0,4,0,4.9,3.0,1.0,565.0591377384732,0.0,183.75000000000003,0.0,84000.0,179,80.0
497867068785,72016,2,2.625,2.625,84000.0,84000.0,180,52016,72016,179.0,85,29.0,634.0,0,2,4,1,1,44100,627,0,0,0,0,0,4,0,4.9,3.0,0.8,565.0591377384732,0.0,183.75000000000003,0.0,84000.0,178,80.0
497867068785,82016,2,2.625,2.625,84000.0,84000.0,180,52016,72016,178.0,85,29.0,634.0,0,2,4,1,1,44100,627,0,0,0,0,0,4,0,4.9,3.0,1.1,565.0591377384732,0.0,183.75000000000003,0.0,84000.0,177,80.0
497867068785,92016,2,2.625,2.625,84000.0,84000.0,180,52016,72016,177.0,85,29.0,634.0,0,2,4,1,1,44100,627,0,0,0,0,0,4,0,4.9,3.0,1.5,565.0591377384732,0.0,183.75000000000003,0.0,84000.0,176,80.0
497867068785,102016,2,2.625,2.625,84000.0,84000.0,180,52016,72016,176.0,85,29.0,634.0,0,2,4,1,1,44100,627,0,0,0,0,0,4,0,4.9,3.0,1.6,565.0591377384732,0.0,183.75000000000003,0.0,84000.0,175,80.0
497867068785,112016,2,2.625,2.625,84000.0,82306.19,180,52016,72016,175.0,85,29.0,634.0,0,2,4,1,1,44100,627,0,0,0,0,0,4,0,4.9,3.0,1.7,565.0591377384732,1693.8099999999977,183.75000000000003,1312.5008622615246,84000.0,174,80.0
497867068785,122016,2,2.625,2.625,84000.0,81898.65,180,52016,72016,174.0,85,29.0,634.0,0,2,4,1,1,44100,627,0,0,0,0,0,4,0,4.9,3.0,2.1,565.0591377384732,407.54000000000815,183.75000000000003,26.23086226153501,82306.19,173,80.0
497867068785,12017,2,2.625,2.625,84000.0,81490.22,180,52016,72016,173.0,85,29.0,634.0,0,2,4,1,1,44100,627,0,0,0,0,0,4,0,4.4,2.9,2.5,565.0591377384732,408.429999999993,183.75000000000003,27.120862261519875,81898.65,172,80.0
883329292889,92016,2,3.125,3.125,58000.0,58000.0,180,92016,112016,180.0,80,20.0,633.0,0,0,4,1,1,19820,481,0,0,0,0,0,4,0,4.9,3.0,1.5,404.0334190700775,0.0,151.04166666666666,0.0,58000.0,180,76.0
883329292889,102016,2,3.125,3.125,58000.0,58000.0,180,92016,112016,180.0,80,20.0,633.0,0,0,4,1,1,19820,481,0,0,0,0,0,4,0,4.9,3.0,1.6,404.0334190700775,0.0,151.04166666666666,0.0,58000.0,179,76.0
883329292889,112016,2,3.125,3.125,58000.0,58000.0,180,92016,112016,178.0,80,20.0,633.0,0,0,4,1,1,19820,481,0,0,0,0,0,4,0,4.9,3.0,1.7,404.0334190700775,0.0,151.04166666666666,0.0,58000.0,178,76.0
883329292889,122016,2,3.125,3.125,58000.0,58000.0,180,92016,112016,177.0,80,20.0,633.0,0,0,4,1,1,19820,481,0,0,0,0,0,4,0,4.9,3.0,2.1,404.0334190700775,0.0,151.04166666666666,0.0,58000.0,177,76.0
883329292889,12017,2,3.125,3.125,58000.0,58000.0,180,92016,112016,176.0,80,20.0,633.0,0,0,4,1,1,19820,481,0,0,0,0,0,4,0,4.4,2.9,2.5,404.0334190700775,0.0,151.04166666666666,0.0,58000.0,176,76.0
883329292889,22017,2,3.125,3.125,58000.0,58000.0,180,92016,112016,175.0,80,20.0,633.0,0,0,4,1,1,19820,481,0,0,0,0,0,4,0,4.4,2.9,2.7,404.0334190700775,0.0,151.04166666666666,0.0,58000.0,175,76.0
883329292889,32017,2,3.125,3.125,58000.0,56861.59,180,92016,112016,174.0,80,20.0,633.0,0,0,4,1,1,19820,481,0,0,0,0,0,4,0,4.4,2.9,2.4,404.0334190700775,1138.4100000000035,151.04166666666666,885.4182475965927,58000.0,174,76.0
883329292889,42017,2,3.125,3.125,58000.0,56602.85,180,92016,112016,173.0,80,20.0,633.0,0,0,4,1,1,19820,481,0,0,0,0,0,4,0,4.4,2.9,2.2,404.0334190700775,258.739999999998,151.04166666666666,5.748247596587163,56861.59,173,76.0
883329292889,52017,2,3.125,3.125,58000.0,56343.43,180,92016,112016,172.0,80,20.0,633.0,0,0,4,1,1,19820,481,0,0,0,0,0,4,0,4.4,2.9,1.9,404.0334190700775,259.41999999999825,151.04166666666666,6.428247596587454,56602.85,172,76.0
192745808312,102016,2,3.5,3.5,57000.0,57000.0,180,92016,112016,179.0,73,26.0,641.0,0,2,4,1,1,19100,760,0,0,0,0,2,4,0,4.9,3.0,1.6,407.48304856560856,0.0,166.25,0.0,57000.0,179,75.0
192745808312,112016,2,3.5,3.5,57000.0,57000.0,180,92016,112016,179.0,73,26.0,641.0,0,2,4,1,1,19100,760,0,0,0,0,2,4,0,4.9,3.0,1.7,407.48304856560856,0.0,166.25,0.0,57000.0,178,75.0
192745808312,122016,2,3.5,3.5,57000.0,57000.0,180,92016,112016,178.0,73,26.0,641.0,0,2,4,1,1,19100,760,0,0,0,0,2,4,0,4.9,3.0,2.1,407.48304856560856,0.0,166.25,0.0,57000.0,177,75.0
192745808312,12017,2,3.5,3.5,57000.0,57000.0,180,92016,112016,177.0,73,26.0,641.0,0,2,4,1,1,19100,760,0,0,0,0,2,4,0,4.4,2.9,2.5,407.48304856560856,0.0,166.25,0.0,57000.0,176,75.0
192745808312,22017,2,3.5,3.5,57000.0,57000.0,180,92016,112016,177.0,73,26.0,641.0,0,2,4,1,1,19100,760,0,1,0,0,2,4,0,4.4,2.9,2.7,407.48304856560856,0.0,166.25,0.0,57000.0,175,75.0
192745808312,32017,2,3.5,3.5,57000.0,57000.0,180,92016,112016,175.0,73,26.0,641.0,0,2,4,1,1,19100,760,0,0,0,0,2,4,0,4.4,2.9,2.4,407.48304856560856,0.0,166.25,0.0,57000.0,174,75.0
192745808312,42017,2,3.5,3.5,57000.0,55426.63,180,92016,112016,174.0,73,26.0,641.0,0,2,4,1,1,19100,760,0,0,0,0,2,4,0,4.4,2.9,2.2,407.48304856560856,1573.3700000000026,166.25,1332.1369514343942,57000.0,173,75.0
192745808312,52017,2,3.5,3.5,57000.0,55080.09,180,92016,112016,172.0,73,26.0,641.0,0,2,4,1,1,19100,760,0,0,0,0,2,4,0,4.4,2.9,1.9,407.48304856560856,346.5400000000009,166.25,105.30695143439232,55426.63,172,75.0
192745808312,62017,2,3.5,3.5,57000.0,54781.54,180,92016,112016,171.0,73,26.0,641.0,0,2,4,1,1,19100,760,0,0,0,0,2,4,0,4.4,2.9,1.6,407.48304856560856,298.54999999999563,166.25,57.31695143438708,55080.09,171,75.0
631708724250,32017,2,3.75,3.75,454000.0,454000.0,180,22017,42017,180.0,73,45.0,653.0,0,2,4,1,1,31080,913,0,0,0,0,0,0,1,4.4,2.9,2.4,3301.589889670868,0.0,1418.75,0.0,454000.0,179,57.0
631708724250,42017,2,3.75,3.75,454000.0,454000.0,180,22017,42017,179.0,73,45.0,653.0,0,2,4,1,1,31080,913,0,0,0,0,0,0,1,4.4,2.9,2.2,3301.589889670868,0.0,1418.75,0.0,454000.0,178,57.0
631708724250,52017,2,3.75,3.75,454000.0,454000.0,180,22017,42017,179.0,73,45.0,653.0,0,2,4,1,1,31080,913,0,1,0,0,0,0,1,4.4,2.9,1.9,3301.589889670868,0.0,1418.75,0.0,454000.0,177,57.0
631708724250,62017,2,3.75,3.75,454000.0,454000.0,180,22017,42017,177.0,73,45.0,653.0,0,2,4,1,1,31080,913,0,0,0,0,0,0,1,4.4,2.9,1.6,3301.589889670868,0.0,1418.75,0.0,454000.0,176,57.0
631708724250,72017,2,3.75,3.75,454000.0,454000.0,180,22017,42017,176.0,73,45.0,653.0,0,2,4,1,1,31080,913,0,0,0,0,0,0,1,4.4,2.9,1.7,3301.589889670868,0.0,1418.75,0.0,454000.0,175,57.0
631708724250,82017,2,3.75,3.75,454000.0,454000.0,180,22017,42017,175.0,73,45.0,653.0,0,2,4,1,1,31080,913,0,0,0,0,0,0,1,4.4,2.9,1.9,3301.589889670868,0.0,1418.75,0.0,454000.0,174,57.0
631708724250,92017,2,3.75,3.75,454000.0,442614.33,180,22017,42017,174.0,73,45.0,653.0,0,2,4,1,1,31080,913,0,0,0,0,0,0,1,4.4,2.9,2.2,3301.589889670868,11385.669999999984,1418.75,9502.830110329116,454000.0,173,57.0
631708724250,102017,2,3.75,3.75,454000.0,440695.91,180,22017,42017,173.0,73,45.0,653.0,0,2,4,1,1,31080,913,0,0,0,0,0,0,1,4.4,2.9,2.0,3301.589889670868,1918.420000000042,1418.75,35.580110329174204,442614.33,172,57.0
631708724250,112017,2,3.75,3.75,454000.0,438771.49,180,22017,42017,172.0,73,45.0,653.0,0,2,4,1,1,31080,913,0,0,0,0,0,0,1,4.4,2.9,2.2,3301.589889670868,1924.419999999984,1418.75,41.580110329116,440695.91,171,57.0
98498030,112019,2,3.625,3.625,141000.0,140900.0,180,102019,122019,180.0,85,39.0,650.0,0,1,0,1,1,13020,486,0,0,0,0,0,0,0,3.7,2.7,2.1,1016.6618306702632,0.0,425.9375,0.0,140900.0,179,38.0
98498030,122019,2,3.625,3.625,141000.0,139682.73,180,102019,122019,178.0,85,39.0,650.0,0,1,0,1,1,13020,486,0,0,0,0,0,0,0,3.7,2.7,2.3,1016.6618306702632,1217.2699999999895,425.9375,626.5456693297264,140900.0,178,38.0
98498030,12020,2,3.625,3.625,141000.0,139682.73,180,102019,122019,178.0,85,39.0,650.0,0,1,0,1,1,13020,486,0,0,0,0,0,0,0,8.1,2.3,2.5,1016.6618306702632,0.0,425.9375,0.0,139682.73,177,38.0
98498030,22020,2,3.625,3.625,141000.0,138373.18,180,102019,122019,176.0,85,39.0,650.0,0,1,0,1,1,13020,486,0,0,0,0,0,0,0,8.1,2.3,2.3,1016.6618306702632,1309.5500000000177,425.9375,718.8256693297543,139682.73,176,38.0
98498030,32020,2,3.625,3.625,141000.0,137740.47,180,102019,122019,175.0,85,39.0,650.0,0,1,0,1,1,13020,486,0,0,0,0,0,0,0,8.1,2.3,1.5,1016.6618306702632,632.7099999999919,425.9375,41.98566932972869,138373.18,175,38.0
98498030,42020,2,3.625,3.625,141000.0,137105.85,180,102019,122019,174.0,85,39.0,650.0,0,1,0,1,1,13020,486,0,0,0,0,0,0,0,8.1,2.3,0.3,1016.6618306702632,634.6199999999953,425.9375,43.895669329732186,137740.47,174,38.0
98498030,52020,2,3.625,3.625,141000.0,137105.85,180,102019,122019,174.0,85,39.0,650.0,0,1,0,1,1,13020,486,0,0,0,0,0,0,0,8.1,2.3,0.1,1016.6618306702632,0.0,425.9375,0.0,137105.85,173,38.0
98498030,62020,2,3.625,3.625,141000.0,135830.85,180,102019,122019,172.0,85,39.0,650.0,0,1,0,1,1,13020,486,0,0,0,0,0,0,0,8.1,2.3,0.6,1016.6618306702632,1275.0,425.9375,684.2756693297368,137105.85,172,38.0
98498030,72020,2,3.625,3.625,141000.0,135830.85,180,102019,122019,172.0,85,39.0,650.0,0,1,0,1,1,13020,486,0,0,0,0,0,0,0,8.1,2.3,1.0,1016.6618306702632,0.0,425.9375,0.0,135830.85,171,38.0
